State,LAT,LON,T2016,TK2016,T2016_Liver,T2016_Pancreas,T2016_KidneyPancreas,T2016_Heart,T2016_Lung,T2016_HeartLung,T2016_Intestine,T2015_ALL,T2015_KID,T2015_LIV,T2015_PAN,T2015_KID_PAN,T2015_HRT,T2015_LUN,T2015_HRT_LUN,T2015_INT,T2014_ALL,T2014_KID,T2014_LIV,T2014_PAN,T2014_KID_PAN,T2014_HRT,T2014_LUN,T2014_HRT_LUN,T2014_INT,T2013_ALL,T2013_KID,T2013_LIV,T2013_PAN,T2013_KID_PAN,T2013_HRT,T2013_LUN,T2013_HRT_LUN,T2013_INT,T2012_ALL,T2012_KID,T2012_LIV,T2012_PAN,T2012_KID_PAN,T2012_HRT,T2012_LUN,T2012_HRT_LUN,T2012_INT,T2011_ALL,T2011_KID,T2011_LIV,T2011_PAN,T2011_KID_PAN,T2011_HRT,T2011_LUN,T2011_HRT_LUN,T2011_INT,T2010_ALL,T2010_KID,T2010_LIV,T2010_PAN,T2010_KID_PAN,T2010_HRT,T2010_LUN,T2010_HRT_LUN,T2010_INT,T2009_ALL,T2009_KID,T2009_LIV,T2009_PAN,T2009_KID_PAN,T2009_HRT,T2009_LUN,T2009_HRT_LUN,T2009_INT,T2008_ALL,T2008_KID,T2008_LIV,T2008_PAN,T2008_KID_PAN,T2008_HRT,T2008_LUN,T2008_HRT_LUN,T2008_INT,T2007_ALL,T2007_KID,T2007_LIV,T2007_PAN,T2007_KID_PAN,T2007_HRT,T2007_LUN,T2078_HRT_LUN,T2007_INT,T2006_ALL,T2006_KID,T2006_LIV,T2006_PAN,T2006_KID_PAN,T2006_HRT,T2006_LUN,T2006_HRT_LUN,T2006_INT,T2005_ALL,T2005_KID,T2005_LIV,T2056_PAN,T2005_KID_PAN,T2005_HRT,T2005_LUN,T2005_HRT_LUN,T2005_INT,T2004_ALL,T2004_KID,T2004_LIV,T2004_PAN,T2004_KID_PAN,T2004_HRT,T2004_LUN,T2004_HRT_LUN,T2004_INT,T2003_ALL,T2003_KID,T2003_LIV,T2003_PAN,T2003_KID_PAN,T2003_HRT,T2003_LUN,T2003_HRT_LUN,T2003_INT,T2002_ALL,T2002_KID,T2002_LIV,T2002_PAN,T2002_KID_PAN,T2002_HRT,T2002_LUN,T2002_HRT_LUN,T2002_INT,T2001_ALL,T2001_KID,T2001_LIV,T2001_PAN,T2001_KID_PAN,T2001_HRT,T2001_LUN,T2001_HRT_LUN,T2001_INT,T2000_ALL,T2000_KID,T2000_LIV,T2000_PAN,T2000_KID_PAN,T2000_HRT,T2000_LUN,T2000_HRT_LUN,T2000_INT,T1999_ALL,T1999_KID,T1999_LIV,T1999_PAN,T1999_KID_PAN,T1999_HRT,T1999_LUN,T1999_HRT_LUN,T1999_INT,T1998_ALL,T1998_KID,T1998_LIV,T1998_PAN,T1998_KID_PAN,T1998_HRT,T1998_LUN,T1998_HRT_LUN,T1998_INT,T1997_ALL,T1997_KID,T1997_LIV,T1997_PAN,T1997_KID_PAN,T1997_HRT,T1997_LUN,T1997_HRT_LUN,T1997_INT,T1996_ALL,T1996_KID,T1996_LIV,T1996_PAN,T1996_KID_PAN,T1996_HRT,T1996_LUN,T1996_HRT_LUN,T1996_INT,T1995_ALL,T1995_KID,T1995_LIV,T1995_PAN,T1995_KID_PAN,T1995_HRT,T1995_LUN,T1995_HRT_LUN,T1995_INT,T1994_ALL,T1994_KID,T1994_LIV,T1994_PAN,T1994_KID_PAN,T1994_HRT,T1994_LUN,T1994_HRT_LUN,T1994_INT,T1993_ALL,T1993_KID,T1993_LIV,T1993_PAN,T1993_KID_PAN,T1993_HRT,T1993_LUN,T1993_HRT_LUN,T1993_INT,T1992_ALL,T1992_KID,T1992_LIV,T1992_PAN,T1992_KID_PAN,T1992_HRT,T1992_LUN,T1992_HRT_LUN,T1992_INT,T1991_ALL,T1991_KID,T1991_LIV,T1991_PAN,T1991_KID_PAN,T1991_HRT,T1991_LUN,T1991_HRT_LUN,T1991_INT,D2016,D2016_DES,D2016_LIV,D2015_ALL,D2015_DES,D2015_LIV,D2014_ALL,D2014_DES,D2014_LIV,D2013_ALL,D2013_DES,D2013_LIV,D2012_ALL,D2012_DES,D2012_LIV,D2011_ALL,D2011_DES,D2011_LIV,D2010_ALL,D2010_DES,D2010_LIV,D2009_ALL,D2009_DES,D2009_LIV,D2008_ALL,D2008_DES,D2008_LIV,D2007_ALL,D2007_DES,D2007_LIV,D2006_ALL,D2006_DES,D2006_LIV,D2005_ALL,D2005_DES,D2005_LIV,D2004_ALL,D2004_DES,D2004_LIV,D2003_ALL,D2003_DES,D2003_LIV,D2002_ALL,D2002_DES,D2002_LIV,D2001_ALL,D2001_DES,D2001_LIV,D2000_ALL,D2000_DES,D2000_LIV,D1999_ALL,D1999_DES,D1999_LIV,D1998_ALL,D1998_DES,D1998_LIV,D1997_ALL,D1997_DES,D1997_LIV,D1996_ALL,D1996_DES,D1996_LIV,D1995_ALL,D1995_DES,D1995_LIV,D1994_ALL,D1994_DES,D1994_LIV,D1993_ALL,D1993_DES,D1993_LIV,D1992_ALL,D1992_DES,D1992_LIV,D1991_ALL,D1991_DES,D1991_LIV
Alabama,32.318231,-86.902298,486,284,136,1,14,26,23,0,2,421,251,104,1,9,30,21,1,4,433,263,93,1,17,30,27,0,2,429,257,98,3,11,29,29,0,2,389,227,96,2,18,21,24,0,1,412,254,87,3,11,31,24,1,1,407,243,100,4,17,22,18,0,3,348,228,80,1,13,15,10,0,1,352,216,85,6,9,13,18,0,5,386,241,86,8,11,19,18,0,3,365,242,67,0,13,21,18,0,4,341,219,78,7,5,24,8,0,0,284,181,64,5,6,14,12,1,1,338,230,55,2,12,18,20,0,1,315,229,43,2,7,20,13,1,0,308,214,44,3,7,21,16,2,1,358,249,54,0,15,20,19,1,0,285,189,46,3,9,23,15,0,0,324,198,68,3,15,23,16,0,1,305,218,46,2,6,22,11,0,0,331,214,58,0,5,33,20,1,0,348,220,67,0,2,36,19,4,0,322,205,54,0,15,28,20,0,0,308,234,32,0,6,29,6,1,0,266,190,39,0,4,23,9,1,0,238,164,39,1,3,27,4,0,0,249,175,74,218,137,81,239,135,104,215,116,99,190,121,69,214,121,93,232,146,86,240,142,98,217,136,81,262,161,101,241,120,121,206,109,97,183,87,96,207,95,112,217,108,109,200,117,83,217,126,91,169,87,82,189,121,68,165,86,79,164,104,60,159,100,59,167,97,70,158,82,76,134,73,61,130,87,43
Alaska,64.200841,-149.493673,47,24,12,0,1,6,4,0,0,49,35,6,0,2,6,0,0,0,51,32,12,0,1,6,0,0,0,43,25,8,1,2,3,4,0,0,46,30,7,0,1,3,5,0,0,41,28,7,1,0,3,2,0,0,37,20,11,0,0,2,4,0,0,33,21,7,0,3,1,1,0,0,29,17,5,2,0,4,1,0,0,42,23,10,0,2,4,3,0,0,28,14,10,1,1,0,2,0,0,42,30,8,0,0,4,0,0,0,54,35,14,2,2,1,0,0,0,39,20,7,0,3,5,4,0,0,36,21,6,0,2,6,1,0,0,33,20,7,0,0,4,2,0,0,28,18,5,0,0,4,1,0,0,36,15,10,0,2,8,1,0,0,31,17,3,0,1,8,2,0,0,16,10,4,0,0,1,1,0,0,27,18,4,0,0,2,3,0,0,37,24,4,0,0,7,2,0,0,22,18,2,0,0,1,1,0,0,33,16,10,0,0,5,2,0,0,20,12,4,0,1,3,0,0,0,30,21,3,1,0,4,1,0,0,30,22,8,34,22,12,45,28,17,27,18,9,38,23,15,30,22,8,27,16,11,40,25,15,31,23,8,30,17,13,14,6,8,31,15,16,39,24,15,47,24,23,34,23,11,49,26,23,46,28,18,33,15,18,31,19,12,20,10,10,16,9,7,24,15,9,27,11,16,25,17,8,20,12,8,31,18,13
Arizona,34.048928,-111.093731,950,542,204,7,20,74,99,0,4,736,450,118,5,21,64,74,0,4,637,397,123,5,13,37,62,0,0,665,406,135,5,20,33,65,1,0,597,353,118,3,28,43,52,0,0,652,387,120,10,29,39,64,1,2,576,335,108,3,35,41,53,0,1,558,366,106,7,14,28,33,0,4,573,335,123,12,28,31,37,4,3,606,342,125,12,33,52,38,0,4,532,298,113,9,26,56,30,0,0,537,302,120,14,25,50,20,0,6,452,282,83,18,6,37,20,3,3,391,241,84,5,13,26,19,2,1,423,251,84,12,20,35,19,0,2,376,238,72,6,9,33,16,2,0,321,191,59,4,23,29,10,5,0,325,204,54,5,17,35,9,0,1,291,186,46,3,13,32,8,3,0,259,161,47,1,0,33,15,2,0,244,139,55,0,3,29,16,2,0,222,134,41,0,4,31,9,2,1,257,155,45,1,0,41,9,6,0,246,143,53,1,2,38,6,3,0,148,89,21,1,1,29,6,1,0,133,76,18,0,1,31,4,3,0,330,224,106,286,176,110,289,159,130,306,188,118,301,146,155,324,173,151,265,120,145,306,112,194,255,121,134,299,137,162,244,108,136,273,125,148,246,82,164,209,79,130,223,82,141,211,66,145,164,77,87,174,75,99,146,84,62,125,67,58,130,82,48,112,76,36,110,63,47,99,51,48,79,53,26,77,56,21
Arkansas,35.20105,-91.831833,263,121,89,0,4,33,16,0,0,209,109,68,1,2,19,10,0,0,208,89,80,0,1,25,12,0,1,219,96,69,0,7,34,13,0,0,242,125,60,1,5,35,13,1,2,229,124,54,1,0,32,17,0,1,207,118,53,1,1,26,7,0,1,231,132,68,0,1,24,6,0,0,213,113,59,0,2,32,7,0,0,214,127,59,1,1,20,6,0,0,250,138,79,1,3,25,2,0,2,253,143,56,6,7,29,10,0,2,227,139,43,3,6,31,4,0,1,181,108,42,1,2,25,2,0,1,179,107,35,3,6,22,6,0,0,175,94,38,0,10,28,5,0,0,185,107,40,1,14,16,6,1,0,179,102,34,1,7,27,7,1,0,174,104,36,0,5,22,6,0,1,188,116,25,0,7,36,4,0,0,169,103,25,1,11,21,7,0,1,172,109,25,2,11,20,5,0,0,173,102,23,2,8,33,5,0,0,178,99,28,0,12,35,3,1,0,146,92,20,0,6,24,4,0,0,120,68,21,1,6,20,2,2,0,105,78,27,101,78,23,98,82,16,94,78,16,118,88,30,111,77,34,112,89,23,131,99,32,107,79,28,121,89,32,135,95,40,135,91,44,124,75,49,112,61,51,110,64,46,83,42,41,86,36,50,104,51,53,75,38,37,95,55,40,75,39,36,93,45,48,87,46,41,81,53,28,79,41,38,69,41,28
California,36.778261,-119.417932,3854,2292,882,10,74,354,232,5,5,3687,2192,871,14,58,334,210,3,5,3408,2005,801,12,76,307,194,7,6,3444,2071,772,8,73,323,184,8,5,3319,2053,739,22,68,253,169,5,10,3252,1989,743,16,73,246,169,6,10,3143,1907,729,30,74,226,157,9,11,"2,992","1,818",681,14,75,224,159,6,15,"3,142","1,888",706,32,74,256,159,8,19,"3,172","1,866",759,21,95,257,151,6,17,"3,174","1,899",750,27,113,228,133,6,18,"3,100","1,776",756,23,117,258,147,4,19,"3,161","1,930",705,35,85,245,136,6,19,"3,007","1,800",672,30,119,249,122,2,13,"2,851","1,657",661,44,104,254,115,3,13,"2,638","1,544",666,19,95,215,93,1,5,"2,490","1,476",577,27,94,236,66,9,5,"2,303","1,344",565,14,99,204,65,6,6,"2,427","1,405",557,4,129,234,87,4,7,"2,350","1,344",565,5,95,243,83,12,3,"2,303","1,298",571,5,90,254,75,9,1,"2,194","1,239",495,3,106,248,89,14,0,"2,081","1,178",522,2,65,236,62,15,1,"2,116","1,216",508,5,55,262,59,8,3,"1,901","1,070",499,1,32,261,36,2,0,"1,698",987,406,1,20,246,33,5,0,"1,547",939,608,"1,598",911,687,"1,458",881,577,"1,488",854,634,"1,437",841,596,"1,448",852,596,"1,484",779,705,"1,464",785,679,"1,473",809,664,"1,484",803,681,"1,490",859,631,"1,448",776,672,"1,449",722,727,"1,414",666,748,"1,304",633,671,"1,285",617,668,"1,197",563,634,"1,074",578,496,"1,086",576,510,"1,054",580,474,"1,003",557,446,940,536,404,905,508,397,808,463,345,779,505,274,734,504,230
Colorado,39.550051,-105.782067,414,243,89,2,6,42,31,0,1,403,220,114,1,5,43,20,0,0,383,225,90,1,5,36,26,0,0,400,237,98,2,19,22,22,0,0,370,214,89,3,19,21,23,1,0,425,256,95,3,13,33,23,0,2,419,275,83,4,11,26,17,1,2,375,234,85,1,16,20,17,0,2,347,200,82,4,12,26,18,0,5,336,177,84,2,17,27,28,0,1,344,219,72,2,9,21,19,1,1,379,218,87,3,15,26,26,1,3,340,189,79,2,15,34,19,1,1,310,178,68,3,9,27,24,0,1,317,165,66,3,19,39,25,0,0,328,150,89,3,12,35,36,0,3,309,166,76,1,13,29,22,1,1,278,141,72,4,15,32,12,2,0,277,137,69,0,17,42,12,0,0,268,133,64,4,24,26,15,0,2,237,111,61,3,20,32,10,0,0,284,136,66,1,28,35,18,0,0,230,101,47,0,12,52,17,1,0,277,134,62,0,13,52,16,0,0,196,104,35,1,1,44,11,0,0,162,94,44,0,0,21,1,2,0,257,133,124,241,129,112,212,99,113,233,141,92,215,115,100,260,118,142,237,104,133,218,109,109,211,100,111,183,78,105,206,98,108,235,121,114,183,84,99,156,73,83,172,79,93,186,52,134,183,70,113,149,69,80,158,84,74,126,71,55,131,81,50,126,82,44,92,62,30,113,79,34,69,52,17,62,45,17
Connecticut,41.603221,-73.087749,378,237,74,2,2,40,22,0,1,284,176,59,2,1,27,18,0,1,298,186,58,1,3,37,12,0,1,274,178,55,2,1,27,10,1,0,305,177,67,0,4,32,22,0,3,295,169,65,1,2,37,21,0,0,335,196,80,1,2,39,17,0,0,299,170,69,4,6,29,19,0,2,300,170,73,5,3,35,13,0,1,245,150,52,3,1,28,8,0,3,240,142,52,4,3,20,17,0,2,249,141,56,4,2,29,14,0,3,242,137,63,6,4,22,7,0,3,237,142,49,11,3,18,14,0,0,247,159,46,8,2,20,9,1,2,274,157,66,12,2,32,5,0,0,255,142,52,9,5,28,17,0,2,245,130,62,11,6,30,5,0,1,219,137,37,8,5,26,6,0,0,215,127,42,5,3,30,7,1,0,221,129,32,8,4,37,10,0,1,208,117,44,6,6,30,5,0,0,165,98,33,1,6,22,5,0,0,184,120,33,0,3,23,4,1,0,145,89,27,1,4,23,1,0,0,156,87,34,3,4,25,3,0,0,168,90,78,157,70,87,156,74,82,151,73,78,139,57,82,145,61,84,174,82,92,126,47,79,136,64,72,124,50,74,131,70,61,136,70,66,142,83,59,124,57,67,146,59,87,133,40,93,150,64,86,111,41,70,128,55,73,109,53,56,104,49,55,103,51,52,87,51,36,75,45,30,66,35,31,60,42,18
Delaware,38.910832,-75.52767,120,53,38,0,1,11,16,0,1,114,57,42,0,1,7,7,0,0,108,56,36,0,1,11,4,0,0,134,72,37,1,3,10,10,0,1,97,51,27,0,3,10,6,0,0,98,53,27,2,1,7,7,0,1,108,59,29,0,3,5,10,1,1,90,47,26,0,3,9,5,0,0,111,64,29,1,1,5,10,0,1,104,64,18,0,2,12,6,0,2,105,54,22,0,7,13,8,0,1,84,44,23,2,0,6,8,0,1,86,49,16,1,1,13,5,0,1,84,54,10,2,0,11,4,1,2,95,69,14,3,3,4,2,0,0,84,59,9,4,1,6,5,0,0,90,56,8,5,5,9,7,0,0,83,57,7,6,0,5,8,0,0,96,62,6,4,4,14,6,0,0,69,42,11,7,3,4,2,0,0,83,46,7,10,6,9,5,0,0,71,44,9,2,6,6,4,0,0,53,35,6,2,1,4,5,0,0,54,30,6,2,4,7,5,0,0,53,33,9,0,4,4,3,0,0,26,17,4,0,1,2,2,0,0,56,43,13,61,47,14,66,45,21,60,50,10,65,44,21,59,45,14,47,30,17,67,48,19,61,45,16,52,34,18,64,38,26,45,30,15,47,30,17,43,21,22,56,30,26,41,20,21,49,30,19,44,24,20,49,24,25,33,16,17,36,22,14,26,17,9,26,14,12,21,16,5,22,16,6,18,12,6
District of Columbia,38.907192,-77.036871,123,84,25,2,3,7,0,0,2,96,70,17,0,0,7,2,0,0,89,53,21,0,2,10,2,0,1,69,45,14,1,0,7,2,0,0,71,39,23,0,0,4,5,0,0,73,36,24,1,1,7,2,1,1,56,38,9,1,0,4,3,0,1,71,46,11,1,3,5,5,0,0,58,39,10,0,3,4,2,0,0,48,28,13,1,1,0,4,0,1,71,46,17,0,4,1,3,0,0,79,49,21,2,0,4,1,0,2,72,47,18,2,1,4,0,0,0,55,39,11,0,1,3,1,0,0,62,43,14,1,3,0,1,0,0,61,42,12,2,2,1,1,0,1,56,40,9,0,3,2,1,0,1,73,50,18,0,2,0,3,0,0,45,27,9,0,4,3,1,0,1,41,29,8,0,3,1,0,0,0,44,32,6,0,2,4,0,0,0,60,42,11,0,4,3,0,0,0,54,38,8,0,2,5,1,0,0,47,29,12,0,1,5,0,0,0,56,33,18,0,1,4,0,0,0,53,28,17,0,3,5,0,0,0,41,17,24,28,18,10,42,20,22,30,18,12,33,18,15,39,20,19,41,27,14,48,18,30,28,20,8,39,19,20,48,30,18,40,23,17,37,24,13,20,9,11,34,19,15,35,16,19,24,9,15,40,16,24,31,12,19,21,12,9,36,19,17,21,11,10,22,15,7,24,11,13,25,13,12,23,17,6
Florida,27.664827,-81.515754,2028,1076,466,17,53,236,161,2,17,1933,1085,456,16,50,172,137,2,15,1715,964,435,18,51,142,84,1,20,1606,909,377,9,50,126,124,1,10,1637,887,437,7,47,136,118,3,2,1772,959,436,9,65,148,147,0,8,1774,965,434,10,63,150,138,1,13,"1,688",897,439,10,58,147,127,2,8,"1,747",908,496,10,61,147,113,1,11,"1,719",872,477,14,64,158,118,3,13,"1,604",814,424,25,54,136,130,2,19,"1,644",886,412,22,70,140,94,6,14,"1,531",800,429,15,77,126,73,2,9,"1,426",707,417,25,56,136,72,0,13,"1,352",652,408,31,67,124,58,1,11,"1,511",730,458,33,81,142,49,0,18,"1,281",659,400,17,46,110,38,4,7,"1,245",683,356,8,36,115,38,3,6,"1,179",614,328,6,31,150,40,3,7,"1,146",626,290,7,32,139,40,2,10,987,540,268,3,23,116,31,2,4,"1,067",569,304,2,25,121,39,2,5,858,476,204,2,32,106,32,2,4,725,461,133,3,11,102,13,1,1,727,464,125,1,9,103,21,1,3,629,421,103,0,7,85,12,1,0,921,692,229,862,618,244,780,549,231,780,519,261,796,536,260,782,559,223,775,528,247,747,490,257,755,523,232,744,527,217,733,492,241,702,452,250,739,451,288,665,437,228,615,413,202,647,436,211,597,428,169,626,418,208,571,410,161,536,394,142,478,365,113,524,385,139,457,343,114,406,312,94,328,222,106,378,275,103
Georgia,32.165622,-82.900075,957,515,298,6,24,73,36,0,5,949,539,271,4,20,75,36,0,4,848,470,261,0,25,53,39,0,0,854,452,264,5,14,70,47,0,2,832,474,216,2,28,61,49,0,2,817,458,222,3,19,54,57,1,3,817,437,234,7,26,67,45,0,1,772,400,227,8,29,55,42,1,10,683,351,190,6,43,48,36,0,9,694,394,189,4,23,47,33,1,3,713,380,197,8,32,51,34,0,11,658,351,181,6,35,42,39,0,4,703,410,174,7,26,48,32,1,5,580,316,136,11,30,47,37,0,3,566,346,119,7,29,40,22,0,3,575,328,114,10,45,50,22,1,5,542,314,125,2,28,55,14,2,2,488,282,116,3,19,52,12,1,3,466,264,94,2,23,63,17,2,1,461,261,97,1,16,64,22,0,0,394,237,80,0,16,50,9,0,2,420,263,74,0,7,59,16,0,1,369,232,57,0,13,56,11,0,0,374,218,77,0,12,52,12,2,1,313,211,40,0,3,47,12,0,0,252,149,48,0,7,41,5,1,1,472,310,162,473,280,193,427,273,154,454,280,174,419,263,156,418,252,166,464,290,174,398,252,146,385,263,122,399,250,149,394,256,138,392,235,157,417,238,179,317,176,141,332,177,155,350,205,145,297,167,130,250,168,82,246,167,79,237,161,76,212,134,78,238,132,106,199,109,90,182,109,73,162,89,73,156,90,66
Hawaii,19.896766,-155.582782,108,68,28,0,1,8,3,0,0,108,76,21,1,2,5,2,0,1,118,90,21,0,1,5,1,0,0,99,68,23,0,0,4,4,0,0,50,30,18,0,0,1,1,0,0,83,52,24,0,1,6,0,0,0,85,60,20,0,2,1,2,0,0,85,54,21,0,1,6,3,0,0,93,62,23,0,1,5,1,0,1,82,56,17,0,4,2,2,1,0,92,66,17,0,1,5,2,0,1,95,77,14,0,2,1,1,0,0,81,52,18,0,2,7,0,0,2,84,59,17,1,3,4,0,0,0,89,68,12,1,3,5,0,0,0,74,52,14,1,2,4,1,0,0,65,43,17,0,2,3,0,0,0,76,56,14,0,1,4,1,0,0,67,46,17,0,1,3,0,0,0,52,36,10,0,2,3,0,0,1,52,37,12,0,1,2,0,0,0,46,28,16,0,1,0,1,0,0,56,38,7,0,2,8,1,0,0,42,26,10,0,1,5,0,0,0,69,43,15,0,0,10,0,1,0,47,32,11,0,0,4,0,0,0,52,35,17,64,40,24,66,42,24,66,38,28,68,54,14,57,40,17,48,29,19,52,30,22,51,29,22,39,19,20,49,25,24,58,24,34,50,25,25,40,25,15,48,23,25,44,24,20,40,28,12,40,25,15,33,14,19,22,13,9,17,11,6,23,11,12,21,11,10,13,9,4,29,19,10,13,10,3
Idaho,44.068202,-114.742041,115,72,27,0,5,6,5,0,0,116,68,25,1,7,9,5,0,1,121,79,25,0,6,9,2,0,0,118,77,24,0,5,7,5,0,0,89,60,13,0,4,4,8,0,0,102,62,19,0,2,12,6,0,1,89,53,17,0,8,9,2,0,0,73,41,16,0,3,9,4,0,0,84,43,18,1,3,9,10,0,0,110,63,17,3,4,14,8,0,1,111,67,21,1,7,12,3,0,0,71,48,10,0,2,7,4,0,0,95,64,17,2,2,6,4,0,0,99,62,19,1,6,10,1,0,0,84,52,16,0,2,8,5,0,1,77,41,15,1,1,10,6,1,2,100,66,20,1,2,6,5,0,0,90,59,17,2,3,6,3,0,0,75,49,13,0,6,4,2,0,1,73,44,13,1,2,8,4,0,1,80,52,14,0,4,6,4,0,0,72,44,14,0,2,9,0,2,1,53,28,12,0,2,7,3,1,0,43,25,6,0,0,10,2,0,0,61,32,12,0,1,13,2,1,0,58,31,10,0,3,12,1,1,0,81,50,31,67,42,25,65,38,27,66,40,26,64,38,26,66,41,25,63,34,29,51,28,23,43,19,24,53,24,29,79,42,37,57,27,30,52,22,30,51,25,26,51,20,31,55,25,30,54,25,29,50,25,25,46,22,24,49,27,22,46,24,22,46,25,21,38,24,14,24,16,8,23,15,8,35,25,10
Illinois,40.633125,-89.398528,1472,860,302,14,60,145,87,2,2,1264,717,274,21,44,101,100,1,6,1335,775,264,16,46,122,108,1,3,1386,822,295,28,46,108,80,0,7,1325,808,265,23,49,121,53,0,6,1446,865,317,22,64,95,81,0,2,1372,845,290,22,49,95,64,0,7,"1,487",895,332,21,60,105,69,0,5,"1,393",861,285,35,41,94,71,0,6,"1,315",797,301,22,46,85,60,0,4,"1,485",917,354,17,46,92,54,0,5,"1,436",875,355,32,53,64,47,1,9,"1,389",827,338,19,67,73,58,1,6,"1,326",792,317,28,69,70,45,0,5,"1,222",768,241,33,59,73,44,2,2,"1,094",672,224,11,67,73,42,2,3,"1,109",671,233,12,52,82,53,1,5,"1,047",597,233,10,72,85,47,2,1,"1,047",593,218,17,78,94,41,1,5,"1,035",558,230,12,84,99,48,3,1,"1,059",590,235,6,58,119,48,1,2,"1,078",616,220,7,53,127,47,4,4,994,538,226,6,69,104,45,5,1,844,477,168,5,51,83,53,5,2,703,388,169,1,25,84,34,2,0,595,330,132,2,32,81,17,1,0,706,417,289,666,407,259,639,353,286,681,356,325,626,315,311,672,304,368,721,299,422,657,291,366,641,301,340,627,292,335,727,299,428,684,302,382,688,304,384,650,305,345,643,296,347,586,288,298,564,310,254,528,314,214,486,256,230,459,274,185,465,295,170,465,277,188,403,247,156,330,201,129,310,209,101,311,204,107
Indiana,40.267194,-86.134902,698,329,172,15,36,78,58,0,10,588,287,131,16,22,60,67,0,5,645,319,128,25,19,66,82,0,6,613,315,117,20,23,62,66,0,10,640,339,127,17,27,53,64,0,13,591,321,113,22,18,56,48,0,13,644,343,127,30,21,58,50,0,15,601,309,132,40,19,48,35,1,17,601,289,134,36,31,54,41,0,16,642,284,167,43,39,52,38,0,19,631,301,153,35,33,46,49,0,14,747,351,192,35,42,50,62,0,15,668,322,174,29,50,46,44,0,3,669,322,182,15,34,53,59,1,3,586,323,157,7,15,43,38,1,2,492,262,105,7,16,68,32,0,2,455,241,88,4,21,56,42,0,3,397,205,94,5,22,43,25,0,3,429,251,82,2,10,54,29,0,1,379,207,81,2,11,56,21,1,0,380,193,85,0,14,61,27,0,0,370,200,68,2,14,62,20,3,1,393,201,72,3,13,82,21,1,0,387,208,75,2,12,63,25,1,1,336,195,65,2,8,50,15,1,0,311,149,77,0,9,59,17,0,0,338,206,132,316,207,109,303,196,107,274,156,118,290,172,118,313,175,138,348,184,164,313,169,144,298,163,135,271,151,120,329,159,170,315,195,120,313,186,127,302,189,113,261,163,98,220,119,101,205,104,101,187,104,83,208,132,76,188,117,71,163,109,54,176,123,53,154,108,46,167,98,69,137,87,50,135,92,43
Iowa,41.878003,-93.097702,304,170,70,2,12,28,22,0,0,265,156,53,3,6,28,18,0,1,304,188,51,5,11,29,19,0,1,336,217,55,6,5,30,22,0,1,265,157,62,6,10,16,14,0,0,294,180,61,6,7,19,19,1,1,329,195,67,2,13,27,24,0,1,312,159,72,8,17,30,26,0,0,255,137,54,8,13,19,20,0,4,226,143,43,4,5,21,10,0,0,270,158,62,7,11,17,14,0,1,249,153,55,5,11,13,9,1,2,260,183,42,5,6,20,2,1,1,259,152,53,5,15,20,14,0,0,283,173,53,14,13,15,14,0,1,309,172,62,25,14,21,14,0,1,293,180,65,11,14,11,12,0,0,272,151,64,7,17,20,12,0,1,244,127,70,3,21,19,3,1,0,224,119,55,3,12,26,7,1,1,234,127,56,3,6,28,12,0,2,199,114,42,4,10,20,8,0,1,270,165,58,1,10,27,8,1,0,229,121,56,3,14,27,8,0,0,175,96,27,2,13,25,10,2,0,166,88,29,4,17,19,9,0,0,123,65,58,142,79,63,145,74,71,139,81,58,121,61,60,113,54,59,145,73,72,137,62,75,122,59,63,133,65,68,131,55,76,133,62,71,139,47,92,135,54,81,139,58,81,147,60,87,145,65,80,140,58,82,108,55,53,102,59,43,114,58,56,95,44,51,115,66,49,93,54,39,68,39,29,73,49,24
Kansas,39.011902,-98.484246,274,154,77,1,1,26,15,0,0,255,138,62,0,10,29,16,0,0,255,136,76,0,5,25,13,0,0,249,117,84,2,6,22,16,0,2,231,129,61,0,8,24,9,0,0,244,132,71,2,11,23,5,0,0,224,115,58,3,5,27,16,0,0,231,128,63,2,5,26,6,0,1,263,131,78,4,12,20,17,0,1,223,119,61,3,7,22,8,0,3,233,113,73,2,6,29,8,0,2,214,109,47,3,12,28,14,0,1,194,107,49,4,7,19,8,0,0,166,93,41,4,8,8,12,0,0,197,110,45,5,8,16,12,1,0,178,94,49,1,14,13,7,0,0,183,100,41,3,8,22,8,1,0,178,98,34,1,11,26,7,0,1,176,104,46,1,1,17,6,1,0,165,98,32,1,1,21,12,0,0,151,77,36,1,4,29,4,0,0,161,92,32,0,4,28,4,1,0,130,78,31,0,3,15,0,2,1,144,82,26,2,3,27,3,1,0,120,70,21,0,4,19,5,1,0,141,70,35,2,2,30,1,1,0,173,127,46,135,105,30,151,117,34,137,114,23,150,109,41,147,116,31,140,97,43,167,118,49,144,102,42,136,95,41,139,101,38,127,84,43,105,70,35,115,64,51,96,58,38,101,58,43,97,53,44,94,59,35,101,67,34,87,55,32,81,51,30,84,59,25,71,51,20,78,52,26,66,47,19,81,56,25
Kentucky,37.839333,-84.270018,374,180,94,0,7,55,37,0,1,367,176,100,1,7,53,30,0,0,352,155,108,8,10,27,38,0,6,385,188,103,2,16,36,39,0,1,362,190,87,3,8,36,36,1,1,332,175,88,3,5,27,34,0,0,388,207,104,5,12,33,26,0,1,366,215,88,3,12,25,22,0,1,344,165,98,5,10,24,38,0,4,354,164,106,6,22,29,23,1,3,356,176,108,4,11,27,29,0,1,377,191,98,5,8,37,36,1,1,339,152,108,5,17,34,18,0,5,342,180,91,3,13,40,14,0,1,337,191,72,2,18,36,17,0,1,317,187,70,4,12,29,14,0,1,293,138,65,6,21,37,26,0,0,322,152,73,2,19,41,32,1,2,310,170,62,0,12,50,16,0,0,300,171,62,1,13,40,11,1,1,306,175,45,0,20,43,22,1,0,311,167,46,1,16,42,38,1,0,288,156,40,1,16,46,27,2,0,281,167,33,2,12,50,14,3,0,210,133,29,0,8,32,8,0,0,230,133,35,2,5,48,7,0,0,181,120,61,142,98,44,179,122,57,186,108,78,163,91,72,158,96,62,166,111,55,151,92,59,163,107,56,175,107,68,162,103,59,172,94,78,153,83,70,147,82,65,164,88,76,164,78,86,126,76,50,145,87,58,147,97,50,138,84,54,135,89,46,120,74,46,120,79,41,112,79,33,107,65,42,115,76,39
Louisiana,30.984298,-91.962333,444,217,127,5,25,39,27,1,3,443,210,129,1,30,36,35,1,1,475,241,127,2,24,40,37,2,2,446,193,148,3,30,43,29,0,0,431,194,146,2,26,33,24,2,4,412,218,100,3,15,38,36,2,0,453,241,107,5,26,42,28,1,3,438,230,120,2,22,37,24,1,2,378,214,98,5,17,28,14,0,2,466,255,124,6,21,37,19,0,4,352,222,77,4,16,25,8,0,0,400,225,119,5,11,28,6,2,4,468,276,118,12,27,26,9,0,0,464,238,136,10,25,35,18,0,2,443,208,116,14,26,57,18,0,4,397,216,97,11,18,39,13,0,3,387,208,88,10,22,42,17,0,0,359,177,94,5,18,44,21,0,0,336,160,68,6,20,62,17,0,3,344,186,58,1,16,58,23,1,1,329,169,57,1,19,62,19,0,2,360,185,54,4,31,71,14,0,1,351,192,49,4,18,77,9,1,1,288,164,44,0,7,64,9,0,0,269,145,48,0,3,67,6,0,0,229,117,49,2,8,51,2,0,0,253,186,67,232,178,54,226,161,65,221,151,70,221,167,54,210,145,65,229,166,63,218,156,62,223,162,61,237,155,82,198,132,66,222,162,60,259,160,99,193,113,80,169,111,58,181,110,71,167,97,70,144,89,55,142,81,61,150,86,64,149,87,62,141,97,44,148,96,52,131,90,41,129,94,35,113,74,39
Maine,45.253783,-69.445469,105,48,34,1,0,8,13,0,1,98,55,21,1,0,13,7,0,1,109,73,22,2,1,5,6,0,0,75,52,14,0,0,2,7,0,0,92,52,24,2,1,8,5,0,0,89,51,20,2,0,6,9,0,1,87,49,19,1,1,4,12,1,0,104,70,18,2,1,5,8,0,0,76,47,14,1,1,7,6,0,0,94,62,14,3,1,11,3,0,0,115,73,19,5,2,6,8,1,1,93,59,20,2,3,6,3,0,0,92,59,13,8,2,5,5,0,0,98,57,20,5,3,5,8,0,0,99,68,19,1,3,4,4,0,0,121,86,21,2,1,9,2,0,0,94,70,11,0,1,8,4,0,0,80,57,11,0,1,7,3,1,0,73,57,7,0,1,2,4,1,1,57,38,9,0,0,7,3,0,0,65,43,10,0,1,7,4,0,0,50,32,12,0,0,3,3,0,0,75,50,16,0,0,7,1,1,0,46,33,4,0,0,6,2,0,1,59,33,15,0,0,7,4,0,0,56,39,8,1,0,7,1,0,0,93,53,40,68,29,39,73,34,39,64,31,33,61,37,24,56,26,30,56,30,26,73,37,36,64,37,27,68,38,30,76,45,31,62,25,37,65,29,36,62,33,29,60,23,37,76,30,46,51,18,33,40,17,23,43,24,19,42,25,17,51,27,24,35,23,12,38,22,16,16,13,3,24,17,7,32,26,6
Maryland,45.253783,-69.445469,916,482,273,4,21,80,53,0,3,930,543,240,7,18,65,54,1,2,817,494,203,6,16,53,41,0,4,789,491,186,11,13,46,34,0,8,757,486,167,1,16,35,47,0,5,721,473,141,12,23,29,39,0,4,722,458,141,3,22,41,53,1,3,809,540,140,10,22,45,46,0,6,630,384,133,4,22,40,36,2,9,652,416,109,10,16,58,39,0,4,656,414,118,7,28,46,40,1,2,624,395,129,10,21,32,29,2,6,579,368,115,15,16,38,21,0,6,490,328,92,15,15,28,9,1,2,598,391,104,19,13,40,30,0,1,649,453,108,19,19,25,25,0,0,722,515,100,28,22,28,27,2,0,633,459,74,31,16,32,21,0,0,563,361,94,21,31,32,21,0,3,481,291,81,28,35,32,12,1,1,507,281,93,21,38,47,26,1,0,468,273,70,9,46,47,22,0,1,394,249,64,14,30,27,10,0,0,401,252,66,8,31,40,4,0,0,353,228,58,5,27,31,4,0,0,271,173,37,1,18,38,3,0,1,411,260,151,372,224,148,367,205,162,360,201,159,340,200,140,324,183,141,337,166,171,351,173,178,319,174,145,302,157,145,339,179,160,311,166,145,304,141,163,297,119,178,294,114,180,303,115,188,332,114,218,326,113,213,278,96,182,223,86,137,197,89,108,203,105,98,170,91,79,170,88,82,167,94,73,129,78,51
Massachusetts,42.407211,-71.382437,761,417,197,5,10,68,61,0,3,640,383,166,3,7,52,29,0,0,628,376,152,7,9,38,43,1,2,616,369,163,3,9,41,29,0,2,533,326,139,6,6,29,27,0,0,582,335,173,9,7,31,26,1,0,619,385,169,6,4,26,29,0,0,613,386,140,11,4,38,32,1,1,554,343,118,11,4,50,26,1,1,590,392,110,12,4,37,31,0,4,606,390,127,23,7,33,19,0,7,577,379,124,23,9,20,22,0,0,561,360,112,25,6,29,26,0,3,522,340,128,13,3,25,10,0,3,478,313,102,9,3,27,22,0,2,517,345,113,8,3,36,10,1,1,477,291,120,21,4,26,13,0,2,435,283,82,3,10,37,18,0,2,435,278,93,2,11,38,13,0,0,427,297,66,1,4,43,16,0,0,395,255,78,2,6,33,21,0,0,380,235,70,0,7,39,27,1,1,365,243,59,1,7,32,22,1,0,348,221,59,1,8,42,16,1,0,306,182,58,0,2,46,16,2,0,328,187,82,0,1,38,19,1,0,306,177,129,316,163,153,290,160,130,277,135,142,278,124,154,254,128,126,309,122,187,306,124,182,265,92,173,282,114,168,265,93,172,285,110,175,292,104,188,266,104,162,277,109,168,319,137,182,265,99,166,238,105,133,216,93,123,201,96,105,206,100,106,204,87,117,174,88,86,160,86,74,138,82,56,149,85,64
Michigan,44.314844,-85.602364,1094,670,217,7,14,90,86,0,10,1018,624,187,5,15,84,100,1,2,953,605,188,4,12,70,69,0,5,1006,637,185,11,19,63,80,2,9,956,606,193,10,27,61,52,2,5,913,582,192,9,17,62,48,0,3,951,580,213,7,24,60,62,0,5,"1,059",659,208,10,33,75,69,2,3,"1,043",649,228,19,25,64,52,1,5,"1,016",659,209,21,19,58,45,1,4,"1,070",665,217,28,39,71,49,1,0,"1,037",643,225,34,24,64,39,1,7,"1,063",658,227,25,37,60,44,4,8,919,606,168,20,25,60,31,2,7,890,593,158,16,27,56,38,1,1,889,552,157,18,25,77,54,0,6,835,539,127,24,12,80,52,0,1,752,493,115,17,16,69,40,1,1,789,484,131,13,27,88,41,2,3,703,464,98,10,24,61,42,1,3,709,437,118,11,34,65,39,1,4,711,443,121,10,37,57,37,1,5,648,401,118,6,48,53,18,3,1,613,388,93,14,42,54,21,1,0,541,359,92,6,20,41,19,3,1,491,320,91,6,8,37,25,3,1,526,312,214,491,293,198,449,260,189,519,298,221,504,276,228,479,278,201,512,294,218,544,303,241,567,329,238,572,312,260,564,290,274,608,291,317,612,293,319,541,223,318,520,239,281,474,219,255,466,198,268,409,196,213,409,214,195,404,183,221,357,156,201,345,185,160,330,192,138,311,171,140,273,168,105,309,182,127
Minnesota,46.729553,-94.6859,619,355,124,9,25,59,46,0,1,586,334,121,12,23,51,45,0,0,526,302,114,11,13,39,44,1,2,470,268,97,13,14,38,40,0,0,493,297,97,12,13,45,28,0,1,524,306,125,6,17,38,30,1,1,531,335,100,10,12,46,26,0,2,516,323,95,22,17,41,18,0,0,552,335,114,24,15,38,24,1,1,565,347,99,28,14,44,28,0,5,628,420,101,29,17,27,34,0,0,602,362,108,34,13,39,42,1,3,587,370,89,56,12,44,16,0,0,574,358,83,45,12,42,33,0,1,558,327,85,60,15,42,26,3,0,557,335,77,68,24,25,27,0,1,541,321,106,46,15,31,19,1,2,474,274,67,49,28,28,25,0,3,432,252,64,32,23,42,16,2,1,425,257,62,27,25,27,22,3,2,413,270,50,9,25,42,11,3,3,382,247,57,9,18,34,17,0,0,363,225,54,7,23,34,18,1,1,366,242,36,6,20,38,23,1,0,287,175,33,4,14,40,21,0,0,256,175,32,3,14,23,9,0,0,318,138,180,267,110,157,275,110,165,252,97,155,261,96,165,297,104,193,307,108,199,341,128,213,330,115,215,323,101,222,364,122,242,377,134,243,331,104,227,326,107,219,304,106,198,333,100,233,274,100,174,274,106,168,261,125,136,231,104,127,233,101,132,218,98,120,209,99,110,203,79,124,180,103,77,164,81,83
Mississippi,32.354668,-89.398528,347,194,103,1,8,27,13,1,0,282,143,87,1,11,23,16,0,1,295,150,93,3,11,20,16,0,2,272,151,85,5,5,14,9,1,2,287,174,75,0,9,20,9,0,0,277,149,70,0,12,28,18,0,0,276,144,87,1,7,17,19,0,1,273,165,69,2,7,16,10,0,4,288,200,53,2,6,21,6,0,0,323,216,68,5,3,20,9,0,2,222,120,59,3,9,18,13,0,0,225,146,46,4,8,18,3,0,0,234,143,51,2,10,16,8,2,2,232,140,46,2,8,25,10,1,0,206,126,40,2,9,24,5,0,0,211,134,43,0,4,23,7,0,0,189,92,39,3,10,34,10,1,0,205,115,44,1,5,35,5,0,0,213,125,38,6,4,31,8,0,1,165,92,29,3,5,25,10,1,0,174,114,24,2,1,25,7,0,1,182,119,26,3,1,26,5,1,1,180,102,27,2,2,38,6,2,1,159,93,27,3,6,25,3,2,0,100,62,14,4,1,13,6,0,0,113,80,15,0,2,15,1,0,0,131,98,33,116,83,33,112,74,38,111,87,24,123,90,33,118,87,31,122,86,36,125,91,34,124,92,32,119,81,38,121,74,47,138,93,45,110,64,46,115,69,46,131,75,56,94,58,36,95,64,31,95,57,38,99,61,38,79,46,33,73,44,29,60,41,19,66,38,28,62,36,26,40,24,16,43,29,14
Missouri,37.964253,-91.831833,644,398,124,1,15,56,49,0,1,562,321,130,4,18,48,37,0,4,599,338,133,8,16,61,38,0,5,600,317,157,3,16,73,34,0,0,537,300,122,0,24,55,35,1,0,568,318,138,4,20,48,36,2,2,564,311,153,5,16,49,26,2,2,604,352,134,6,24,50,33,0,5,545,317,129,3,11,57,25,0,3,599,357,142,5,15,48,29,2,1,609,364,144,10,15,53,22,0,1,521,318,116,4,16,39,24,1,3,456,281,97,5,8,33,31,0,1,389,221,91,5,8,38,25,0,1,400,213,96,4,22,37,26,1,1,398,226,75,5,19,45,27,1,0,468,267,91,8,26,45,23,1,7,456,270,93,7,17,44,22,2,1,446,260,91,2,10,50,30,1,2,395,233,79,0,9,50,23,1,0,365,208,77,1,6,55,17,1,0,402,235,81,1,16,50,18,1,0,429,253,94,0,6,61,13,1,1,382,208,79,1,9,66,17,1,1,300,151,60,0,7,59,23,0,0,280,146,59,2,8,54,9,2,0,331,235,96,307,239,68,311,228,83,285,218,67,269,206,63,278,219,59,292,205,87,316,228,88,280,200,80,322,212,110,312,211,101,308,192,116,255,160,95,242,139,103,202,120,82,235,140,95,221,129,92,198,111,87,225,146,79,204,121,83,173,108,65,194,122,72,186,124,62,165,107,58,138,91,47,160,104,56
Montana,46.879682,-110.362566,51,27,8,0,3,8,5,0,0,77,41,19,0,7,4,6,0,0,60,35,14,0,3,4,4,0,0,78,42,16,0,3,10,7,0,0,67,41,14,2,5,2,3,0,0,73,44,13,1,5,2,6,1,1,73,43,14,4,2,6,3,0,1,66,46,7,2,3,5,3,0,0,54,37,8,1,4,2,2,0,0,65,42,13,1,3,3,3,0,0,67,39,11,6,3,7,1,0,0,74,50,7,3,2,9,3,0,0,67,47,11,0,4,3,2,0,0,65,47,7,1,3,5,2,0,0,60,45,4,3,1,5,2,0,0,63,47,4,2,2,3,5,0,0,78,56,7,2,5,6,2,0,0,53,39,8,2,1,0,3,0,0,55,39,4,4,2,6,0,0,0,45,35,3,2,2,1,2,0,0,58,45,4,1,4,2,1,1,0,59,41,6,0,4,7,1,0,0,65,47,7,0,3,5,2,1,0,54,34,6,0,3,8,3,0,0,44,27,9,1,2,3,0,2,0,44,26,7,0,2,7,2,0,0,43,28,15,39,22,17,45,30,15,49,27,22,35,15,20,52,27,25,46,23,23,37,16,21,35,18,17,45,25,20,49,25,24,46,23,23,50,30,20,43,25,18,47,24,23,46,19,27,43,23,20,50,26,24,39,18,21,22,9,13,30,16,14,36,19,17,35,17,18,21,10,11,29,19,10,29,21,8
Nebraska,41.492537,-99.901813,185,97,36,2,2,31,14,0,3,226,123,54,4,2,27,11,1,4,218,117,48,7,4,33,7,0,2,238,136,53,7,9,22,8,0,3,215,129,45,5,6,21,7,0,2,185,108,39,1,9,17,10,0,1,189,111,35,9,3,17,10,1,3,175,106,40,3,10,11,5,0,0,155,88,36,6,7,13,4,0,1,201,110,36,15,11,16,7,0,6,205,125,48,4,5,14,6,0,3,177,101,40,2,5,12,9,1,7,166,102,41,7,3,3,8,0,2,156,110,24,3,6,6,6,0,1,140,87,27,6,7,7,4,1,1,128,76,30,6,6,7,3,0,0,147,75,42,4,9,9,8,0,0,114,64,28,6,7,6,3,0,0,118,62,26,5,10,10,4,0,1,120,62,28,2,9,9,8,0,2,134,75,15,5,12,17,10,0,0,111,57,19,4,9,16,3,1,2,128,52,26,7,16,20,6,1,0,145,68,27,13,11,19,7,0,0,122,52,24,6,19,16,5,0,0,118,51,16,13,21,14,3,0,0,85,55,30,106,68,38,97,61,36,101,64,37,86,42,44,69,32,37,90,48,42,83,40,43,81,35,46,94,44,50,107,53,54,95,38,57,88,39,49,89,38,51,70,28,42,62,32,30,71,33,38,59,28,31,46,29,17,44,22,22,53,30,23,63,33,30,52,35,17,44,24,20,46,36,10,48,41,7
Nevada,38.80261,-116.419389,214,136,43,2,2,15,16,0,0,201,139,39,0,6,9,7,0,1,179,115,40,0,6,13,5,0,0,191,122,38,0,3,16,12,0,0,187,125,32,0,5,13,11,0,1,183,115,33,1,8,9,16,0,1,149,99,25,0,7,11,7,0,0,139,81,36,0,4,14,4,0,0,137,84,23,0,7,12,11,0,0,171,110,26,2,6,14,11,2,0,174,112,36,1,3,11,11,0,0,151,92,26,0,6,13,14,0,0,146,102,23,2,4,6,9,0,0,136,97,21,1,2,7,8,0,0,142,88,23,1,6,14,9,0,1,151,107,25,2,6,4,7,0,0,145,92,24,2,5,12,10,0,0,127,73,29,2,5,14,3,1,0,132,79,31,1,5,13,2,1,0,121,70,27,0,6,13,4,1,0,84,55,18,0,4,4,3,0,0,84,52,20,1,1,7,3,0,0,90,56,16,0,5,9,4,0,0,97,67,16,0,5,7,2,0,0,92,60,19,1,1,10,1,0,0,79,49,17,0,2,11,0,0,0,152,124,28,149,122,27,142,111,31,137,106,31,128,84,44,105,65,40,87,52,35,73,44,29,112,67,45,108,71,37,121,68,53,100,62,38,98,53,45,94,47,47,84,44,40,89,36,53,90,36,54,64,32,32,63,33,30,57,33,24,58,32,26,46,28,18,45,30,15,45,32,13,38,20,18,52,40,12
New Hampshire,43.193852,-71.572395,123,51,43,1,1,14,12,0,1,107,57,26,3,0,14,5,0,2,95,52,14,2,3,14,10,0,0,89,54,19,2,6,5,3,0,0,92,55,21,2,2,4,7,0,1,101,67,15,4,6,6,3,0,0,98,58,17,6,2,7,7,0,1,110,64,18,6,3,9,8,0,2,94,57,19,7,3,4,3,0,1,112,76,20,8,2,2,4,0,0,113,80,17,4,2,8,2,0,0,109,62,24,5,1,13,4,0,0,102,69,14,5,0,9,4,1,0,94,69,20,1,0,2,2,0,0,79,52,8,5,0,12,2,0,0,81,51,16,2,1,8,3,0,0,72,41,19,0,0,4,7,0,1,51,32,10,1,0,5,2,1,0,69,49,12,0,1,6,1,0,0,60,41,13,0,0,5,1,0,0,57,34,9,1,2,7,4,0,0,56,34,9,0,0,7,6,0,0,43,29,11,0,0,2,1,0,0,58,38,8,0,0,7,5,0,0,49,30,11,0,2,5,1,0,0,40,28,6,0,0,5,1,0,0,58,34,24,70,34,36,78,44,34,70,33,37,59,25,34,55,29,26,58,22,36,57,17,40,55,21,34,79,25,54,75,33,42,56,24,32,69,20,49,53,16,37,45,17,28,59,22,37,61,26,35,37,21,16,54,31,23,49,26,23,31,19,12,33,19,14,35,19,16,30,20,10,32,19,13,21,13,8
New Jersey,40.058324,-74.405661,1001,600,185,3,19,89,103,0,2,969,599,179,3,15,93,79,1,0,827,509,163,5,15,91,41,0,3,886,536,163,6,25,115,39,1,1,902,560,161,10,18,111,38,1,3,963,596,173,12,17,112,52,0,1,950,600,164,4,25,104,50,1,2,965,609,184,11,18,88,48,1,6,957,616,170,9,26,87,43,1,5,953,609,185,10,25,75,44,0,5,922,567,185,7,27,93,37,3,3,948,563,208,12,24,94,43,1,3,919,561,195,30,14,85,30,1,3,807,457,189,24,22,91,23,0,1,816,468,188,22,13,97,26,1,1,841,499,171,11,24,103,25,1,7,782,477,154,11,27,93,17,1,2,805,459,185,12,25,102,14,1,7,689,372,175,5,26,91,18,1,1,693,383,153,10,30,97,15,3,2,639,342,131,4,29,99,28,4,2,586,306,111,1,33,100,32,3,0,549,310,112,1,8,92,21,3,2,495,273,115,1,11,65,27,1,2,406,208,85,1,12,79,17,1,3,391,190,103,1,10,72,10,2,3,503,270,233,448,211,237,358,155,203,409,190,219,413,182,231,449,208,241,437,197,240,474,240,234,423,225,198,427,195,232,420,217,203,473,219,254,418,203,215,405,172,233,410,170,240,404,170,234,391,188,203,346,170,176,256,126,130,269,147,122,248,159,89,214,140,74,194,126,68,174,123,51,156,113,43,160,97,63
New Mexico,34.51994,-105.87009,217,127,55,2,5,8,18,0,2,196,102,55,2,3,11,20,0,3,187,112,33,4,5,12,19,0,2,175,104,43,1,7,7,12,0,1,136,74,34,2,1,14,9,0,2,167,96,48,2,8,6,6,0,1,157,106,33,1,3,5,9,0,0,178,125,31,3,3,9,7,0,0,182,123,34,3,3,15,4,0,0,148,100,31,1,3,9,4,0,0,185,121,43,1,1,12,5,0,2,170,104,45,4,6,6,5,0,0,133,84,33,3,2,4,6,0,1,118,75,22,6,4,8,3,0,0,119,71,27,2,3,10,5,1,0,113,68,26,4,1,6,7,1,0,106,79,11,1,4,9,2,0,0,105,70,19,1,4,8,2,0,1,115,68,34,0,1,11,1,0,0,83,55,20,0,1,4,3,0,0,124,89,18,1,1,11,4,0,0,130,83,27,0,3,14,1,2,0,114,68,29,0,1,14,2,0,0,102,57,27,0,0,18,0,0,0,88,50,22,1,0,13,2,0,0,105,61,25,0,0,18,1,0,0,106,65,41,87,58,29,98,65,33,75,44,31,75,46,29,85,55,30,84,48,36,103,64,39,106,55,51,102,60,42,97,60,37,90,53,37,84,45,39,67,29,38,62,24,38,53,20,33,75,38,37,55,31,24,60,34,26,46,29,17,58,38,20,68,42,26,49,41,8,43,32,11,48,41,7,54,45,9
New York,43.072901,-75.416748,2179,1444,392,16,38,190,87,0,12,1963,1306,353,12,28,171,76,0,17,1841,1212,343,9,26,155,84,0,12,1650,1098,296,11,21,144,70,0,10,1793,1184,333,10,27,161,67,1,10,1856,1206,376,17,21,149,80,0,7,1869,1202,350,26,34,161,86,0,10,"1,970","1,272",393,32,25,142,86,1,19,"2,011","1,331",408,32,22,131,75,0,12,"2,100","1,366",470,18,18,139,76,3,10,"2,294","1,374",656,19,31,134,68,3,9,"2,100","1,271",556,21,29,138,71,1,13,"1,815","1,066",480,30,25,134,61,0,19,"1,584",939,397,30,29,146,31,3,9,"1,712",994,458,27,23,159,40,1,10,"1,642",943,453,20,20,151,44,2,9,"1,513",882,396,28,26,136,33,1,11,"1,462",868,354,15,49,122,41,4,9,"1,386",797,336,8,49,138,44,10,4,"1,282",747,333,6,45,102,40,3,6,"1,157",689,285,6,38,103,35,0,1,"1,216",721,302,4,40,114,30,0,5,"1,071",654,245,1,26,110,31,4,0,"1,039",589,256,2,18,123,41,5,5,961,533,252,3,11,125,28,6,3,779,403,243,1,2,109,21,0,0,851,435,416,797,365,432,825,381,444,766,352,414,749,356,393,808,384,424,848,376,472,922,411,511,898,377,521,923,473,450,914,450,464,919,419,500,871,391,480,756,320,436,777,304,473,860,328,532,799,332,467,699,339,360,665,372,293,614,358,256,536,329,207,549,348,201,465,297,168,398,242,156,266,124,142,281,151,130
North Carolina,35.759573,-79.0193,930,549,176,8,28,107,58,0,4,889,523,165,9,22,104,58,0,8,873,553,132,5,24,92,58,1,8,843,507,134,5,22,100,71,1,3,865,516,152,8,29,91,66,0,3,920,560,156,8,27,97,64,1,7,958,611,156,3,24,99,58,1,6,841,488,163,2,40,86,56,1,5,826,514,129,4,35,77,64,0,3,762,462,127,7,44,70,46,2,4,741,451,143,6,33,67,39,0,2,731,434,129,11,32,71,48,4,2,690,397,133,15,29,79,34,0,3,672,399,121,20,23,82,19,5,3,645,348,118,18,39,88,27,2,5,640,326,128,6,20,111,46,2,1,629,318,140,12,29,84,42,3,1,588,304,129,6,24,79,41,5,0,583,312,148,3,27,64,23,4,2,536,283,101,1,36,61,48,2,4,489,269,93,0,30,66,31,0,0,462,233,96,2,27,63,36,5,0,488,267,98,4,19,70,27,3,0,360,195,71,1,13,64,14,2,0,327,181,60,0,8,66,11,1,0,306,179,65,1,12,34,12,3,0,426,299,127,377,244,133,412,270,142,374,242,132,414,298,116,433,270,163,411,266,145,392,271,121,379,258,121,401,259,142,403,244,159,393,234,159,376,187,189,348,177,171,321,162,159,309,157,152,316,167,149,293,141,152,293,160,133,233,128,105,212,133,79,218,129,89,205,129,76,157,98,59,152,91,61,173,93,80
North Dakota,47.551493,-101.002012,78,48,17,2,0,6,4,0,1,71,44,14,0,3,3,7,0,0,68,39,11,2,2,7,7,0,0,63,37,14,2,2,3,5,0,0,52,31,11,1,0,8,0,1,0,65,45,5,4,2,7,2,0,0,62,37,12,1,2,6,3,1,0,62,37,13,4,3,5,0,0,0,63,36,10,2,5,8,1,0,1,61,36,14,2,1,5,3,0,0,74,45,11,2,2,9,5,0,0,65,42,6,3,2,7,5,0,0,75,41,9,7,3,8,6,1,0,78,53,7,8,1,5,3,0,1,71,42,10,11,1,3,3,1,0,86,59,9,8,3,2,5,0,0,62,42,8,1,5,4,2,0,0,57,37,4,3,3,2,8,0,0,52,30,8,7,2,4,1,0,0,46,28,10,1,2,2,2,0,1,51,35,11,2,2,1,0,0,0,44,24,15,0,1,1,3,0,0,50,31,12,1,3,3,0,0,0,34,23,8,0,0,1,1,0,1,42,27,10,0,1,3,1,0,0,43,25,7,1,2,6,2,0,0,33,17,16,36,17,19,34,14,20,35,15,20,31,16,15,45,24,21,36,13,23,36,21,15,28,14,14,32,13,19,41,17,24,31,9,22,33,13,20,50,16,34,28,9,19,48,10,38,37,18,19,41,16,25,25,12,13,28,13,15,29,11,18,27,15,12,18,10,8,25,15,10,21,13,8,19,12,7
Ohio,40.417287,-82.907123,1212,611,318,5,35,110,123,0,10,1046,558,255,11,35,88,91,0,8,1078,612,246,10,36,80,85,1,8,1028,614,215,11,43,66,72,0,7,1064,632,237,12,44,64,72,2,1,967,576,193,13,45,70,58,3,9,1020,605,198,29,46,55,68,4,15,999,557,196,21,47,68,99,1,10,"1,035",638,209,23,51,63,44,0,7,"1,093",624,235,29,57,73,59,2,14,"1,156",685,223,32,64,87,48,6,11,"1,105",679,211,37,36,68,62,2,10,"1,108",654,224,36,61,70,55,2,6,969,569,197,28,49,75,41,1,9,986,631,141,24,56,76,53,1,4,978,603,148,22,55,84,61,1,4,"1,036",602,184,23,62,99,61,1,4,906,493,167,12,62,114,48,4,6,907,510,164,7,69,114,41,0,2,863,499,181,5,53,92,29,0,4,808,481,150,7,60,88,20,1,1,825,475,142,7,68,99,32,1,1,768,427,145,2,74,95,22,2,1,768,434,130,7,72,94,26,3,2,752,427,130,4,58,96,33,4,0,651,360,135,4,48,78,24,2,0,611,360,251,596,356,240,595,319,276,558,297,261,571,298,273,540,304,236,575,307,268,558,285,273,568,298,270,609,317,292,660,310,350,620,263,357,626,278,348,529,238,291,566,227,339,549,240,309,518,253,265,390,233,157,418,257,161,398,246,152,405,253,152,388,260,128,365,241,124,323,224,99,297,213,84,301,205,96
Oklahoma,35.007752,-97.092877,332,193,73,0,4,26,36,0,0,333,209,58,2,6,30,26,0,2,340,200,64,4,8,34,27,0,3,299,176,57,4,10,22,27,0,3,293,167,63,4,9,28,21,0,1,311,186,78,1,2,22,21,0,1,292,175,67,2,8,22,16,0,2,284,168,63,1,5,23,22,0,2,269,146,67,7,7,18,20,0,4,280,138,87,5,4,26,18,0,2,256,129,71,3,12,21,17,1,2,288,145,77,3,11,29,22,0,1,290,135,74,6,10,32,31,1,1,294,168,74,6,5,21,16,1,3,256,143,49,1,10,33,20,0,0,259,154,58,1,10,23,12,0,1,224,115,54,1,9,33,11,1,0,238,133,52,2,7,35,7,1,1,227,119,61,0,5,31,10,0,1,184,94,47,1,7,30,4,1,0,217,117,41,2,6,43,7,0,1,270,150,62,1,4,49,3,0,1,264,143,56,0,3,53,9,0,0,248,141,64,0,0,32,11,0,0,197,115,42,0,1,37,2,0,0,156,92,26,0,0,31,7,0,0,218,181,37,215,170,45,198,148,50,164,99,65,154,107,47,155,99,56,146,88,58,137,88,49,123,89,34,155,121,34,112,75,37,132,92,40,136,99,37,156,98,58,130,75,55,126,75,51,101,71,30,106,72,34,127,82,45,80,55,25,82,60,22,121,88,33,97,73,24,93,59,34,86,55,31,79,46,33
Oregon,43.804133,-120.554201,298,171,65,0,9,33,19,1,0,267,149,56,0,4,33,24,1,0,250,148,54,0,5,24,18,0,1,218,135,38,0,4,25,16,0,0,217,129,46,0,7,20,15,0,0,226,134,54,0,4,25,8,0,1,205,131,35,1,4,22,12,0,0,256,166,42,1,9,20,17,0,1,236,148,45,0,9,16,18,0,0,239,157,46,1,7,13,14,0,1,279,176,47,3,11,21,20,0,1,257,178,40,0,8,20,11,0,0,223,153,39,2,3,10,14,2,0,296,210,48,4,8,20,6,0,0,270,194,30,5,11,22,7,1,0,266,191,33,1,3,28,9,1,0,231,156,41,0,4,24,5,1,0,191,121,34,2,7,23,4,0,0,165,100,37,0,6,17,5,0,0,166,109,36,0,4,12,5,0,0,166,103,35,0,7,17,3,1,0,183,113,42,0,5,18,5,0,0,193,105,43,3,8,25,8,0,1,189,102,49,1,4,26,4,3,0,168,105,39,0,1,20,2,1,0,126,81,19,0,0,23,1,2,0,140,77,63,130,83,47,129,65,64,112,63,49,105,48,57,114,60,54,114,55,59,145,65,80,129,55,74,135,67,68,143,78,65,140,63,77,139,61,78,164,68,96,153,60,93,152,62,90,137,58,79,104,56,48,100,56,44,103,59,44,88,53,35,105,68,37,94,64,30,90,63,27,79,51,28,81,49,32
Pennsylvania,41.203322,-77.194525,1554,859,367,7,24,123,164,3,7,1447,816,335,9,21,122,137,2,5,1358,785,316,6,13,123,106,4,5,1456,817,335,10,37,131,124,0,2,1243,685,297,7,39,102,108,1,4,1279,700,308,12,29,120,97,2,11,1438,745,330,36,38,159,109,5,16,"1,476",796,328,23,34,145,136,1,13,"1,416",817,301,27,19,134,105,3,10,"1,526",800,360,38,32,145,130,3,18,"1,708",993,358,39,41,160,96,3,18,"1,615",906,372,45,50,126,102,2,12,"1,532",882,376,48,50,101,61,4,10,"1,554",922,391,25,43,107,56,3,7,"1,480",865,337,29,54,120,59,6,10,"1,397",823,277,22,63,132,66,1,13,"1,269",721,268,27,52,144,51,1,5,"1,284",691,313,29,64,122,53,4,8,"1,196",650,254,12,66,147,55,7,5,"1,199",643,241,19,52,167,64,7,6,"1,176",653,257,14,54,150,38,4,6,"1,083",579,235,7,59,136,63,4,0,923,510,200,1,28,131,51,1,1,939,530,188,6,23,130,58,2,2,896,520,188,4,28,119,31,2,4,763,439,189,3,15,90,27,0,0,836,561,275,813,529,284,757,488,269,792,484,308,721,460,261,705,470,235,729,459,270,789,495,294,742,489,253,722,457,265,762,443,319,715,416,299,768,438,330,723,404,319,668,390,278,637,369,268,601,355,246,593,406,187,491,342,149,507,342,165,443,296,147,427,289,138,368,266,102,380,261,119,366,262,104,328,233,95
Puerto Rico,18.220833,-66.590149,167,92,56,2,13,4,0,0,0,197,102,66,1,19,7,2,0,0,198,107,64,0,20,6,1,0,0,193,120,58,3,10,2,0,0,0,191,100,70,0,13,6,2,0,0,165,95,55,1,7,6,1,0,0,171,100,50,0,9,7,5,0,0,204,113,72,0,9,8,2,0,0,197,120,56,0,11,10,0,0,0,208,128,51,3,11,13,1,0,1,179,114,48,0,1,15,1,0,0,184,129,32,1,5,16,1,0,0,165,114,33,0,7,10,1,0,0,167,113,31,0,6,17,0,0,0,131,87,32,1,4,5,1,0,1,172,113,40,0,6,13,0,0,0,131,82,25,1,1,19,2,0,1,101,80,12,0,2,7,0,0,0,118,94,18,1,1,4,0,0,0,82,55,22,0,2,3,0,0,0,52,37,12,0,1,2,0,0,0,66,44,19,0,1,2,0,0,0,55,43,6,0,1,5,0,0,0,54,45,6,0,0,3,0,0,0,45,36,4,0,1,4,0,0,0,49,39,6,0,1,3,0,0,0,103,87,16,116,105,11,120,101,19,114,99,15,116,104,12,102,93,9,124,100,24,129,103,26,142,108,34,146,117,29,118,78,40,132,92,40,120,83,37,109,67,42,89,56,33,111,57,54,96,50,46,66,29,37,71,30,41,42,12,30,30,8,22,39,11,28,31,5,26,36,6,30,32,2,30,34,3,31
Rhode Island,41.580095,-71.477429,103,66,20,0,0,12,4,0,1,82,53,21,0,1,3,4,0,0,94,67,15,1,1,7,2,0,1,66,40,16,0,1,3,6,0,0,96,66,16,0,1,10,3,0,0,67,49,11,3,0,2,2,0,0,73,47,12,0,0,4,10,0,0,83,52,17,1,1,7,5,0,0,66,34,14,1,0,10,7,0,0,77,46,19,3,0,7,2,0,0,88,62,14,2,1,6,3,0,0,91,61,14,4,1,5,6,0,0,99,67,15,3,1,8,5,0,0,91,66,8,7,1,8,1,0,0,90,70,9,2,0,7,2,0,0,105,76,19,0,0,5,5,0,0,89,63,16,0,1,7,2,0,0,68,48,8,0,0,7,4,0,1,67,51,8,0,0,7,1,0,0,80,60,10,0,0,5,5,0,0,73,48,11,0,0,10,4,0,0,53,38,9,0,1,4,1,0,0,60,41,10,0,1,6,1,1,0,45,28,12,0,1,2,1,1,0,42,26,7,2,3,2,2,0,0,37,20,10,0,1,5,1,0,0,40,13,27,34,20,14,42,20,22,32,12,20,52,19,33,37,15,22,38,15,23,46,22,24,41,13,28,53,23,30,59,25,34,43,20,23,51,19,32,58,20,38,55,20,35,54,16,38,53,22,31,34,12,22,29,9,20,38,16,22,39,12,27,29,15,14,26,11,15,22,11,11,31,14,17,19,12,7
South Carolina,33.836081,-81.163725,426,252,110,1,14,20,28,0,1,447,292,97,5,13,22,16,0,2,405,255,94,4,12,20,17,1,2,385,212,102,3,15,33,20,0,0,384,232,91,3,14,23,20,0,1,439,243,100,7,19,33,33,0,4,420,247,96,5,24,23,25,0,0,365,204,82,10,17,26,23,0,3,414,244,94,7,21,30,12,0,6,404,254,80,9,16,23,17,0,5,417,247,97,7,15,27,20,0,4,371,234,72,6,13,24,19,0,3,335,200,61,8,15,25,25,1,0,318,191,54,7,13,21,30,0,2,310,175,69,5,16,27,16,0,2,411,236,91,11,22,33,15,1,2,381,216,93,7,20,29,13,0,3,333,194,76,1,18,28,14,1,1,307,197,57,3,10,30,9,1,0,283,181,45,0,11,29,17,0,0,298,184,44,1,15,36,17,1,0,242,158,34,2,11,21,15,0,1,281,185,42,1,6,30,14,1,2,240,148,50,3,8,22,7,1,1,244,153,49,1,6,24,10,0,1,175,102,31,0,10,24,8,0,0,211,150,61,204,138,66,187,124,63,164,118,46,168,121,47,185,146,39,193,129,64,199,142,57,226,169,57,267,203,64,278,209,69,211,135,76,180,125,55,144,91,53,160,107,53,187,124,63,179,124,55,175,95,80,136,75,61,123,68,55,127,72,55,115,69,46,116,68,48,109,60,49,121,73,48,83,53,30
South Dakota,43.969515,-99.901813,81,51,15,0,3,6,4,1,1,83,50,15,0,1,8,9,0,0,81,48,18,3,4,4,3,0,1,71,51,13,2,0,2,3,0,0,84,48,22,1,0,9,4,0,0,86,56,17,1,2,5,5,0,0,53,35,12,0,2,0,3,0,1,71,49,7,2,4,2,6,0,1,72,51,8,4,1,2,6,0,0,72,53,5,5,1,2,6,0,0,79,53,8,2,4,9,2,0,1,91,67,7,7,3,4,3,0,0,89,66,12,6,4,1,0,0,0,82,61,7,5,2,2,4,1,0,69,48,1,5,7,6,2,0,0,69,50,5,6,3,4,1,0,0,53,32,6,3,3,8,1,0,0,59,42,9,0,3,4,1,0,0,59,37,10,3,2,3,4,0,0,58,32,12,0,4,4,5,1,0,38,27,4,0,2,1,4,0,0,53,34,6,0,3,8,2,0,0,48,31,5,1,1,8,2,0,0,38,23,8,0,2,3,2,0,0,32,19,3,0,2,6,2,0,0,14,10,3,0,0,1,0,0,0,47,22,25,35,19,16,33,19,14,29,14,15,25,11,14,46,22,24,37,18,19,44,27,17,37,15,22,44,18,26,49,17,32,53,20,33,56,22,34,41,14,27,34,14,20,46,18,28,30,20,10,32,18,14,23,16,7,29,16,13,27,19,8,35,23,12,32,24,8,20,12,8,20,14,6,20,14,6
Tennessee,35.517491,-86.580447,669,335,195,3,13,94,27,0,2,666,358,190,3,9,70,34,0,2,601,325,191,3,7,48,27,0,0,610,368,155,2,6,45,32,2,0,542,323,142,6,8,43,18,0,2,593,347,160,2,10,45,29,0,0,531,285,148,4,15,42,35,1,1,613,337,173,3,14,54,30,1,1,510,263,163,6,13,46,14,0,5,525,316,123,4,20,43,17,0,2,568,344,113,5,35,39,30,1,1,498,314,87,9,19,42,26,1,0,539,340,97,15,13,44,25,1,4,477,309,84,6,10,44,22,1,1,500,317,87,9,26,45,13,0,3,426,271,75,9,11,44,14,1,1,455,268,84,16,22,41,19,3,2,407,248,71,12,20,39,15,0,2,411,234,74,8,26,49,19,0,1,358,218,56,3,14,46,17,3,1,388,229,72,8,14,51,11,1,2,365,215,54,0,12,62,16,5,1,321,189,60,1,7,52,12,0,0,333,203,54,1,9,61,5,0,0,290,191,34,3,9,43,9,0,1,260,164,30,3,15,39,9,0,0,334,268,66,338,250,88,322,249,73,343,236,107,350,238,112,332,221,111,283,201,82,356,250,106,265,181,84,288,177,111,323,207,116,277,147,130,260,139,121,289,136,153,259,146,113,239,132,107,220,110,110,208,116,92,172,90,82,192,107,85,203,126,77,154,99,55,141,84,57,152,98,54,144,85,59,126,70,56
Texas,31.968599,-99.901813,3038,1696,701,15,65,312,239,2,8,2680,1510,621,10,64,269,200,0,6,2520,1348,539,12,55,334,224,2,6,2333,1289,491,13,55,256,217,5,7,2290,1224,479,14,59,254,252,6,2,2254,1277,471,17,56,213,208,3,9,2284,1338,490,19,47,197,175,11,7,"2,124","1,281",455,27,49,167,126,8,11,"2,122","1,236",511,21,55,171,116,1,11,"2,090","1,171",532,29,53,188,102,1,14,"1,994","1,144",526,14,29,170,100,1,10,"1,947","1,109",493,20,45,172,99,2,7,"1,895","1,074",505,17,49,162,78,2,8,"1,882","1,076",454,18,57,168,95,4,10,"1,796","1,047",439,21,38,165,78,2,6,"1,620",903,367,18,55,179,83,2,13,"1,586",929,348,12,47,185,57,3,5,"1,534",886,337,9,58,179,62,3,0,"1,469",865,283,7,41,179,88,1,5,"1,326",756,228,6,33,198,99,4,2,"1,241",786,217,2,33,157,43,1,2,"1,248",756,215,7,42,171,50,4,3,"1,180",734,192,4,28,159,59,3,1,"1,134",676,199,2,41,169,42,3,2,"1,047",640,176,1,24,167,38,1,0,950,540,168,2,34,177,26,3,0,"1,420",896,524,"1,243",736,507,"1,123",699,424,"1,098",630,468,"1,068",643,425,"1,075",618,457,"1,144",631,513,"1,101",590,511,"1,026",616,410,"1,008",647,361,942,601,341,936,571,365,935,587,348,867,502,365,844,482,362,788,480,308,777,455,322,694,452,242,709,431,278,597,402,195,603,385,218,590,394,196,545,378,167,518,338,180,497,316,181,466,312,154
Utah,39.32098,-111.093731,262,144,64,3,10,29,10,0,2,259,131,68,4,9,32,15,0,0,237,137,63,5,8,11,12,0,1,241,132,54,1,11,28,14,0,1,181,108,46,1,3,16,7,0,0,192,118,39,1,4,16,14,0,0,210,116,50,1,8,25,10,0,0,209,126,51,1,8,15,6,0,2,204,119,44,2,9,22,8,0,0,213,123,48,2,9,22,9,0,0,208,124,49,4,9,16,6,0,0,188,107,44,9,6,17,5,0,0,230,132,49,8,8,24,8,0,1,220,127,49,3,15,17,9,0,0,205,112,45,5,8,27,6,0,2,175,111,35,3,4,18,4,0,0,179,98,41,2,8,21,8,0,1,175,107,36,0,9,13,10,0,0,173,108,37,3,6,11,8,0,0,153,88,35,2,4,18,6,0,0,155,90,29,0,8,20,7,0,1,166,93,41,0,9,19,4,0,0,131,85,27,0,5,11,2,0,1,152,100,28,0,2,18,3,0,1,129,76,23,0,7,22,1,0,0,147,92,24,3,7,18,2,1,0,134,85,49,139,80,59,140,77,63,139,80,59,113,66,47,127,68,59,122,58,64,134,64,70,142,73,69,124,46,78,129,46,83,110,52,58,132,50,82,135,53,82,110,44,66,106,41,65,94,43,51,96,40,56,98,36,62,73,33,40,87,41,46,74,43,31,64,29,35,78,41,37,61,37,24,77,40,37
Vermont,44.558803,-72.577841,34,16,7,0,0,9,2,0,0,39,25,11,0,1,1,1,0,0,40,26,7,1,2,1,3,0,0,45,26,9,2,0,7,1,0,0,43,26,6,5,1,3,1,0,1,54,30,12,3,4,1,4,0,0,67,43,11,2,4,3,4,0,0,55,36,7,3,5,3,1,0,0,59,36,11,1,5,4,2,0,0,64,46,8,1,3,5,1,0,0,79,54,7,2,6,7,3,0,0,57,38,13,2,1,2,1,0,0,36,25,6,1,0,1,2,0,1,50,33,8,2,3,2,2,0,0,36,18,9,3,1,3,1,0,1,28,17,4,2,1,3,1,0,0,33,22,5,0,2,3,1,0,0,46,29,11,0,0,1,5,0,0,25,18,3,0,0,2,2,0,0,37,24,7,0,1,4,1,0,0,39,25,8,0,1,2,3,0,0,44,34,5,0,0,5,0,0,0,42,30,5,0,3,2,1,1,0,28,17,8,0,0,3,0,0,0,29,21,3,0,0,4,1,0,0,35,22,8,0,1,3,1,0,0,25,11,14,21,9,12,22,8,14,27,12,15,25,11,14,28,12,16,29,11,18,20,10,10,37,13,24,28,7,21,27,10,17,34,13,21,22,9,13,31,15,16,32,17,15,31,18,13,34,14,20,25,14,11,22,12,10,22,13,9,21,14,7,31,17,14,18,8,10,18,15,3,21,13,8,20,12,8
Virginia,37.431573,-78.656894,888,527,182,8,21,94,52,0,4,808,493,166,11,18,74,36,0,10,768,430,175,5,12,87,51,0,8,738,445,150,5,15,69,52,0,2,793,486,166,9,16,71,39,0,6,746,457,141,7,22,66,45,0,8,767,486,137,13,17,64,47,0,3,841,497,176,20,20,73,50,0,5,775,505,149,10,17,61,29,2,2,771,483,166,17,20,50,31,0,4,842,548,136,17,26,56,51,0,8,763,498,111,22,23,53,52,0,4,691,457,125,17,15,41,35,0,1,679,444,113,12,18,48,38,0,6,604,404,94,11,14,46,35,0,0,611,395,95,9,16,51,45,0,0,564,335,102,10,17,57,41,1,1,564,345,93,11,30,56,28,0,1,553,350,93,6,26,57,21,0,0,550,326,98,5,21,66,31,2,1,567,305,126,6,31,68,30,1,0,459,243,105,2,23,59,26,1,0,495,261,103,0,32,76,22,1,0,469,227,114,1,25,68,32,2,0,400,222,75,1,16,60,23,3,0,401,190,96,2,10,85,13,4,1,368,198,170,387,204,183,344,184,160,383,203,180,403,221,182,359,170,189,384,201,183,384,181,203,413,200,213,354,170,184,444,193,251,456,189,267,386,148,238,382,147,235,333,114,219,344,123,221,313,119,194,297,128,169,262,122,140,234,127,107,235,123,112,180,96,84,194,138,56,168,121,47,162,93,69,152,108,44
Washington,47.751074,-120.740139,613,349,130,1,15,85,32,0,1,537,309,116,0,15,66,31,0,0,580,366,114,1,10,60,28,1,0,561,348,107,2,14,51,39,0,0,524,344,93,2,14,43,24,1,3,507,311,104,4,18,31,37,0,2,528,327,88,4,15,48,45,0,1,458,279,82,2,16,44,34,0,1,483,290,100,4,14,47,28,0,0,469,263,107,4,16,35,39,3,2,460,247,126,4,17,34,31,1,0,492,268,132,3,18,40,30,0,1,541,298,135,5,21,44,35,0,3,488,295,107,2,17,39,27,0,1,456,270,91,7,20,39,27,0,2,442,268,81,8,21,40,22,1,1,466,279,95,5,21,46,20,0,0,410,234,77,9,23,44,21,2,0,392,247,75,5,24,27,13,1,0,316,184,60,9,17,32,13,1,0,358,209,82,4,19,32,12,0,0,321,162,67,4,31,39,13,4,1,328,174,73,4,22,41,13,1,0,333,171,71,6,28,33,22,1,1,277,138,56,2,27,35,15,4,0,273,131,69,4,13,45,7,4,0,276,175,101,241,157,84,232,146,86,239,128,111,248,144,104,229,117,112,242,114,128,198,78,120,227,101,126,214,113,101,210,106,104,235,124,111,227,124,103,241,114,127,231,91,140,228,103,125,232,114,118,205,92,113,167,73,94,150,70,80,148,75,73,134,62,72,138,74,64,125,79,46,107,56,51,98,60,38
West Virginia,38.597626,-80.454903,181,81,66,0,2,15,17,0,0,143,71,40,0,6,13,13,0,0,144,80,28,1,3,17,15,0,0,188,97,48,0,6,13,24,0,0,148,75,37,3,4,15,14,0,0,158,74,40,1,7,13,21,0,2,167,82,48,3,5,13,15,0,1,167,78,45,1,5,15,21,0,2,182,87,55,5,2,10,22,0,1,163,91,38,3,4,9,17,0,1,191,112,47,6,4,9,12,0,1,166,90,40,7,6,8,13,0,2,159,85,46,5,2,10,9,0,2,164,107,29,1,2,16,9,0,0,165,102,23,2,7,16,13,0,2,156,85,26,6,3,17,17,0,2,152,85,31,3,7,17,8,1,0,159,106,26,0,7,17,2,1,0,164,98,31,4,7,18,6,0,0,155,97,36,3,2,11,6,0,0,159,98,26,4,9,16,5,1,0,116,62,29,0,6,12,6,1,0,121,67,30,2,5,13,4,0,0,112,57,29,3,3,14,5,0,1,121,69,26,1,11,9,3,1,1,100,55,23,0,6,12,3,0,1,89,69,20,100,71,29,85,69,16,76,57,19,88,74,14,90,66,24,99,71,28,98,73,25,84,51,33,99,65,34,118,67,51,94,47,47,76,40,36,81,44,37,72,45,27,62,35,27,74,40,34,64,36,28,64,40,24,72,47,25,77,50,27,51,37,14,53,38,15,58,45,13,55,39,16,34,16,18
Wisconsin,43.78444,-88.787868,658,362,166,17,29,53,27,0,4,600,307,163,13,18,59,38,0,2,575,288,159,16,27,53,31,1,0,536,281,119,16,27,64,28,0,1,542,285,116,12,24,68,33,0,4,573,323,111,11,28,77,23,0,0,552,294,114,11,24,72,37,0,0,566,315,140,9,31,43,26,1,1,609,353,157,11,38,23,26,1,0,614,367,140,8,25,41,32,0,1,644,375,123,20,27,61,38,0,0,675,378,141,16,39,62,39,0,0,641,380,135,15,35,55,16,2,3,615,352,133,21,31,56,21,0,1,683,381,151,24,41,64,18,1,3,542,299,113,15,30,58,23,2,2,513,277,105,22,41,45,20,1,2,522,261,103,21,39,70,24,2,2,526,288,89,11,39,71,24,0,4,536,275,110,5,45,68,29,1,3,509,270,92,1,42,74,29,1,0,484,226,90,0,55,77,35,1,0,448,247,68,0,30,70,31,2,0,424,227,75,4,36,64,17,0,1,388,207,79,1,32,55,11,3,0,382,204,78,1,33,58,7,1,0,388,228,160,323,171,152,306,182,124,300,176,124,326,186,140,346,201,145,291,173,118,313,185,128,351,201,150,339,213,126,343,180,163,366,173,193,352,175,177,325,161,164,368,163,205,280,134,146,274,148,126,232,130,102,252,139,113,231,132,99,260,137,123,202,129,73,212,131,81,202,134,68,156,85,71,187,113,74
Wyoming,43.075968,-107.290284,48,22,19,1,0,4,2,0,0,40,24,4,0,4,6,2,0,0,32,15,7,0,2,6,2,0,0,37,24,7,0,2,1,3,0,0,40,23,8,0,2,4,3,0,0,37,16,11,2,1,3,4,0,0,39,21,7,1,3,5,2,0,0,45,23,16,0,1,3,2,0,0,46,22,10,0,3,3,8,0,0,42,20,14,1,1,2,4,0,0,30,17,5,0,1,3,4,0,0,42,25,9,1,1,5,1,0,0,38,22,7,1,1,3,4,0,0,37,18,8,1,2,6,2,0,0,38,21,11,3,0,1,2,0,0,25,16,5,2,0,1,1,0,0,36,19,11,0,3,3,0,0,0,33,16,9,0,0,3,5,0,0,31,18,3,0,3,5,2,0,0,32,13,9,1,1,7,1,0,0,28,14,7,0,3,1,3,0,0,23,8,2,0,5,4,4,0,0,21,13,1,1,0,3,3,0,0,30,17,4,1,0,5,3,0,0,17,10,5,0,0,2,0,0,0,24,13,5,0,0,5,1,0,0,29,18,11,34,20,14,21,12,9,16,9,7,20,8,12,20,16,4,21,13,8,22,13,9,20,11,9,26,13,13,30,21,9,19,12,7,27,12,15,24,13,11,21,8,13,27,20,7,17,14,3,28,16,12,22,10,12,23,13,10,18,15,3,13,9,4,22,15,7,17,10,7,12,9,3,10,5,5
