State,LAT,LON,Type,T2016,T2015,T2014,T2013,T2012,T2011,T2010,T2009,T2008,T2007,T2006,T2005,T2004,T2003,T2002,T2001,T2000,T1999,T1998,T1997,T1996,T1995,T1994,T1993,T1992,T1991,D2016,D2015,D2014,D2013,D2012,D2011,D2010,D2009,D2008,D2007,D2006,D2005,D2004,D2003,D2002,D2001,D2000,D1999,D1998,D1997,D1996,D1995,D1994,D1993,D1992,D1991
 Alabama,32.318231,-86.902298, All Organs,486,421,433,429,389,412,407,348,352,386,365,341,284,338,315,308,358,285,324,305,331,348,322,308,266,238,0,0,0,0,0,0,0,0,0,0,0,0,0,0,0,0,0,0,0,0,0,0,0,0,0,0
0,0,0, Kidney,284,251,263,257,227,254,243,228,216,241,242,219,181,230,229,214,249,189,198,218,214,220,205,234,190,164,0,0,0,0,0,0,0,0,0,0,0,0,0,0,0,0,0,0,0,0,0,0,0,0,0,0
0,0,0, Liver,136,104,93,98,96,87,100,80,85,86,67,78,64,55,43,44,54,46,68,46,58,67,54,32,39,39,0,0,0,0,0,0,0,0,0,0,0,0,0,0,0,0,0,0,0,0,0,0,0,0,0,0
0,0,0, Pancreas,1,1,1,3,2,3,4,1,6,8,0,7,5,2,2,3,0,3,3,2,0,0,0,0,0,1,0,0,0,0,0,0,0,0,0,0,0,0,0,0,0,0,0,0,0,0,0,0,0,0,0,0
0,0,0, Kidney / Pancreas,14,9,17,11,18,11,17,13,9,11,13,5,6,12,7,7,15,9,15,6,5,2,15,6,4,3,0,0,0,0,0,0,0,0,0,0,0,0,0,0,0,0,0,0,0,0,0,0,0,0,0,0
0,0,0, Heart,26,30,30,29,21,31,22,15,13,19,21,24,14,18,20,21,20,23,23,22,33,36,28,29,23,27,0,0,0,0,0,0,0,0,0,0,0,0,0,0,0,0,0,0,0,0,0,0,0,0,0,0
0,0,0, Lung,23,21,27,29,24,24,18,10,18,18,18,8,12,20,13,16,19,15,16,11,20,19,20,6,9,4,0,0,0,0,0,0,0,0,0,0,0,0,0,0,0,0,0,0,0,0,0,0,0,0,0,0
0,0,0, Heart / Lung,0,1,0,0,0,1,0,0,0,0,0,0,1,0,1,2,1,0,0,0,1,4,0,1,1,0,0,0,0,0,0,0,0,0,0,0,0,0,0,0,0,0,0,0,0,0,0,0,0,0,0,0
0,0,0, Intestine,2,4,2,2,1,1,3,1,5,3,4,0,1,1,0,1,0,0,1,0,0,0,0,0,0,0,0,0,0,0,0,0,0,0,0,0,0,0,0,0,0,0,0,0,0,0,0,0,0,0,0,0
0,0,0, All Donor Types,0,0,0,0,0,0,0,0,0,0,0,0,0,0,0,0,0,0,0,0,0,0,0,0,0,0,249,218,239,215,190,214,232,240,217,262,241,206,183,207,217,200,217,169,189,165,164,159,167,158,134,130
0,0,0, Deceased Donor,0,0,0,0,0,0,0,0,0,0,0,0,0,0,0,0,0,0,0,0,0,0,0,0,0,0,175,137,135,116,121,121,146,142,136,161,120,109,87,95,108,117,126,87,121,86,104,100,97,82,73,87
0,0,0, Living Donor,0,0,0,0,0,0,0,0,0,0,0,0,0,0,0,0,0,0,0,0,0,0,0,0,0,0,74,81,104,99,69,93,86,98,81,101,121,97,96,112,109,83,91,82,68,79,60,59,70,76,61,43
 Alaska,64.200841,-149.493673, All Organs,47,49,51,43,46,41,37,33,29,42,28,42,54,39,36,33,28,36,31,16,27,37,22,33,20,30,0,0,0,0,0,0,0,0,0,0,0,0,0,0,0,0,0,0,0,0,0,0,0,0,0,0
0,0,0, Kidney,24,35,32,25,30,28,20,21,17,23,14,30,35,20,21,20,18,15,17,10,18,24,18,16,12,21,0,0,0,0,0,0,0,0,0,0,0,0,0,0,0,0,0,0,0,0,0,0,0,0,0,0
0,0,0, Liver,12,6,12,8,7,7,11,7,5,10,10,8,14,7,6,7,5,10,3,4,4,4,2,10,4,3,0,0,0,0,0,0,0,0,0,0,0,0,0,0,0,0,0,0,0,0,0,0,0,0,0,0
0,0,0, Pancreas,0,0,0,1,0,1,0,0,2,0,1,0,2,0,0,0,0,0,0,0,0,0,0,0,0,1,0,0,0,0,0,0,0,0,0,0,0,0,0,0,0,0,0,0,0,0,0,0,0,0,0,0
0,0,0, Kidney / Pancreas,1,2,1,2,1,0,0,3,0,2,1,0,2,3,2,0,0,2,1,0,0,0,0,0,1,0,0,0,0,0,0,0,0,0,0,0,0,0,0,0,0,0,0,0,0,0,0,0,0,0,0,0
0,0,0, Heart,6,6,6,3,3,3,2,1,4,4,0,4,1,5,6,4,4,8,8,1,2,7,1,5,3,4,0,0,0,0,0,0,0,0,0,0,0,0,0,0,0,0,0,0,0,0,0,0,0,0,0,0
0,0,0, Lung,4,0,0,4,5,2,4,1,1,3,2,0,0,4,1,2,1,1,2,1,3,2,1,2,0,1,0,0,0,0,0,0,0,0,0,0,0,0,0,0,0,0,0,0,0,0,0,0,0,0,0,0
0,0,0, All Donor Types,0,0,0,0,0,0,0,0,0,0,0,0,0,0,0,0,0,0,0,0,0,0,0,0,0,0,30,34,45,27,38,30,27,40,31,30,14,31,39,47,34,49,46,33,31,20,16,24,27,25,20,31
0,0,0, Deceased Donor,0,0,0,0,0,0,0,0,0,0,0,0,0,0,0,0,0,0,0,0,0,0,0,0,0,0,22,22,28,18,23,22,16,25,23,17,6,15,24,24,23,26,28,15,19,10,9,15,11,17,12,18
0,0,0, Living Donor,0,0,0,0,0,0,0,0,0,0,0,0,0,0,0,0,0,0,0,0,0,0,0,0,0,0,8,12,17,9,15,8,11,15,8,13,8,16,15,23,11,23,18,18,12,10,7,9,16,8,8,13
 Arizona,34.048928,-111.093731, All Organs,950,736,637,665,597,652,576,558,573,606,532,537,452,391,423,376,321,325,291,259,244,222,257,246,148,133,0,0,0,0,0,0,0,0,0,0,0,0,0,0,0,0,0,0,0,0,0,0,0,0,0,0
0,0,0, Kidney,542,450,397,406,353,387,335,366,335,342,298,302,282,241,251,238,191,204,186,161,139,134,155,143,89,76,0,0,0,0,0,0,0,0,0,0,0,0,0,0,0,0,0,0,0,0,0,0,0,0,0,0
0,0,0, Liver,204,118,123,135,118,120,108,106,123,125,113,120,83,84,84,72,59,54,46,47,55,41,45,53,21,18,0,0,0,0,0,0,0,0,0,0,0,0,0,0,0,0,0,0,0,0,0,0,0,0,0,0
0,0,0, Pancreas,7,5,5,5,3,10,3,7,12,12,9,14,18,5,12,6,4,5,3,1,0,0,1,1,1,0,0,0,0,0,0,0,0,0,0,0,0,0,0,0,0,0,0,0,0,0,0,0,0,0,0,0
0,0,0, Kidney / Pancreas,20,21,13,20,28,29,35,14,28,33,26,25,6,13,20,9,23,17,13,0,3,4,0,2,1,1,0,0,0,0,0,0,0,0,0,0,0,0,0,0,0,0,0,0,0,0,0,0,0,0,0,0
0,0,0, Heart,74,64,37,33,43,39,41,28,31,52,56,50,37,26,35,33,29,35,32,33,29,31,41,38,29,31,0,0,0,0,0,0,0,0,0,0,0,0,0,0,0,0,0,0,0,0,0,0,0,0,0,0
0,0,0, Lung,99,74,62,65,52,64,53,33,37,38,30,20,20,19,19,16,10,9,8,15,16,9,9,6,6,4,0,0,0,0,0,0,0,0,0,0,0,0,0,0,0,0,0,0,0,0,0,0,0,0,0,0
0,0,0, Heart / Lung,0,0,0,1,0,1,0,0,4,0,0,0,3,2,0,2,5,0,3,2,2,2,6,3,1,3,0,0,0,0,0,0,0,0,0,0,0,0,0,0,0,0,0,0,0,0,0,0,0,0,0,0
0,0,0, Intestine,4,4,0,0,0,2,1,4,3,4,0,6,3,1,2,0,0,1,0,0,0,1,0,0,0,0,0,0,0,0,0,0,0,0,0,0,0,0,0,0,0,0,0,0,0,0,0,0,0,0,0,0
0,0,0, All Donor Types,0,0,0,0,0,0,0,0,0,0,0,0,0,0,0,0,0,0,0,0,0,0,0,0,0,0,330,286,289,306,301,324,265,306,255,299,244,273,246,209,223,211,164,174,146,125,130,112,110,99,79,77
0,0,0, Deceased Donor,0,0,0,0,0,0,0,0,0,0,0,0,0,0,0,0,0,0,0,0,0,0,0,0,0,0,224,176,159,188,146,173,120,112,121,137,108,125,82,79,82,66,77,75,84,67,82,76,63,51,53,56
0,0,0, Living Donor,0,0,0,0,0,0,0,0,0,0,0,0,0,0,0,0,0,0,0,0,0,0,0,0,0,0,106,110,130,118,155,151,145,194,134,162,136,148,164,130,141,145,87,99,62,58,48,36,47,48,26,21
 Arkansas,35.20105,-91.831833, All Organs,263,209,208,219,242,229,207,231,213,214,250,253,227,181,179,175,185,179,174,188,169,172,173,178,146,120,0,0,0,0,0,0,0,0,0,0,0,0,0,0,0,0,0,0,0,0,0,0,0,0,0,0
0,0,0, Kidney,121,109,89,96,125,124,118,132,113,127,138,143,139,108,107,94,107,102,104,116,103,109,102,99,92,68,0,0,0,0,0,0,0,0,0,0,0,0,0,0,0,0,0,0,0,0,0,0,0,0,0,0
0,0,0, Liver,89,68,80,69,60,54,53,68,59,59,79,56,43,42,35,38,40,34,36,25,25,25,23,28,20,21,0,0,0,0,0,0,0,0,0,0,0,0,0,0,0,0,0,0,0,0,0,0,0,0,0,0
0,0,0, Pancreas,0,1,0,0,1,1,1,0,0,1,1,6,3,1,3,0,1,1,0,0,1,2,2,0,0,1,0,0,0,0,0,0,0,0,0,0,0,0,0,0,0,0,0,0,0,0,0,0,0,0,0,0
0,0,0, Kidney / Pancreas,4,2,1,7,5,0,1,1,2,1,3,7,6,2,6,10,14,7,5,7,11,11,8,12,6,6,0,0,0,0,0,0,0,0,0,0,0,0,0,0,0,0,0,0,0,0,0,0,0,0,0,0
0,0,0, Heart,33,19,25,34,35,32,26,24,32,20,25,29,31,25,22,28,16,27,22,36,21,20,33,35,24,20,0,0,0,0,0,0,0,0,0,0,0,0,0,0,0,0,0,0,0,0,0,0,0,0,0,0
0,0,0, Lung,16,10,12,13,13,17,7,6,7,6,2,10,4,2,6,5,6,7,6,4,7,5,5,3,4,2,0,0,0,0,0,0,0,0,0,0,0,0,0,0,0,0,0,0,0,0,0,0,0,0,0,0
0,0,0, Heart / Lung,0,0,0,0,1,0,0,0,0,0,0,0,0,0,0,0,1,1,0,0,0,0,0,1,0,2,0,0,0,0,0,0,0,0,0,0,0,0,0,0,0,0,0,0,0,0,0,0,0,0,0,0
0,0,0, Intestine,0,0,1,0,2,1,1,0,0,0,2,2,1,1,0,0,0,0,1,0,1,0,0,0,0,0,0,0,0,0,0,0,0,0,0,0,0,0,0,0,0,0,0,0,0,0,0,0,0,0,0,0
0,0,0, All Donor Types,0,0,0,0,0,0,0,0,0,0,0,0,0,0,0,0,0,0,0,0,0,0,0,0,0,0,105,101,98,94,118,111,112,131,107,121,135,135,124,112,110,83,86,104,75,95,75,93,87,81,79,69
0,0,0, Deceased Donor,0,0,0,0,0,0,0,0,0,0,0,0,0,0,0,0,0,0,0,0,0,0,0,0,0,0,78,78,82,78,88,77,89,99,79,89,95,91,75,61,64,42,36,51,38,55,39,45,46,53,41,41
0,0,0, Living Donor,0,0,0,0,0,0,0,0,0,0,0,0,0,0,0,0,0,0,0,0,0,0,0,0,0,0,27,23,16,16,30,34,23,32,28,32,40,44,49,51,46,41,50,53,37,40,36,48,41,28,38,28
 California,36.778261,-119.417932, All Organs,3854,3687,3408,3444,3319,3252,3143,2992,3142,3172,3174,3100,3161,3007,2851,2638,2490,2303,2427,2350,2303,2194,2081,2116,1901,1698,0,0,0,0,0,0,0,0,0,0,0,0,0,0,0,0,0,0,0,0,0,0,0,0,0,0
0,0,0, Kidney,2292,2192,2005,2071,2053,1989,1907,1818,1888,1866,1899,1776,1930,1800,1657,1544,1476,1344,1405,1344,1298,1239,1178,1216,1070,987,0,0,0,0,0,0,0,0,0,0,0,0,0,0,0,0,0,0,0,0,0,0,0,0,0,0
0,0,0, Liver,882,871,801,772,739,743,729,681,706,759,750,756,705,672,661,666,577,565,557,565,571,495,522,508,499,406,0,0,0,0,0,0,0,0,0,0,0,0,0,0,0,0,0,0,0,0,0,0,0,0,0,0
0,0,0, Pancreas,10,14,12,8,22,16,30,14,32,21,27,23,35,30,44,19,27,14,4,5,5,3,2,5,1,1,0,0,0,0,0,0,0,0,0,0,0,0,0,0,0,0,0,0,0,0,0,0,0,0,0,0
0,0,0, Kidney / Pancreas,74,58,76,73,68,73,74,75,74,95,113,117,85,119,104,95,94,99,129,95,90,106,65,55,32,20,0,0,0,0,0,0,0,0,0,0,0,0,0,0,0,0,0,0,0,0,0,0,0,0,0,0
0,0,0, Heart,354,334,307,323,253,246,226,224,256,257,228,258,245,249,254,215,236,204,234,243,254,248,236,262,261,246,0,0,0,0,0,0,0,0,0,0,0,0,0,0,0,0,0,0,0,0,0,0,0,0,0,0
0,0,0, Lung,232,210,194,184,169,169,157,159,159,151,133,147,136,122,115,93,66,65,87,83,75,89,62,59,36,33,0,0,0,0,0,0,0,0,0,0,0,0,0,0,0,0,0,0,0,0,0,0,0,0,0,0
0,0,0, Heart / Lung,5,3,7,8,5,6,9,6,8,6,6,4,6,2,3,1,9,6,4,12,9,14,15,8,2,5,0,0,0,0,0,0,0,0,0,0,0,0,0,0,0,0,0,0,0,0,0,0,0,0,0,0
0,0,0, Intestine,5,5,6,5,10,10,11,15,19,17,18,19,19,13,13,5,5,6,7,3,1,0,1,3,0,0,0,0,0,0,0,0,0,0,0,0,0,0,0,0,0,0,0,0,0,0,0,0,0,0,0,0
0,0,0, All Donor Types,0,0,0,0,0,0,0,0,0,0,0,0,0,0,0,0,0,0,0,0,0,0,0,0,0,0,"1,547","1,598","1,458","1,488","1,437","1,448","1,484","1,464","1,473","1,484","1,490","1,448","1,449","1,414","1,304","1,285","1,197","1,074","1,086","1,054","1,003",940,905,808,779,734
0,0,0, Deceased Donor,0,0,0,0,0,0,0,0,0,0,0,0,0,0,0,0,0,0,0,0,0,0,0,0,0,0,939,911,881,854,841,852,779,785,809,803,859,776,722,666,633,617,563,578,576,580,557,536,508,463,505,504
0,0,0, Living Donor,0,0,0,0,0,0,0,0,0,0,0,0,0,0,0,0,0,0,0,0,0,0,0,0,0,0,608,687,577,634,596,596,705,679,664,681,631,672,727,748,671,668,634,496,510,474,446,404,397,345,274,230
 Colorado,39.550051,-105.782067, All Organs,414,403,383,400,370,425,419,375,347,336,344,379,340,310,317,328,309,278,277,268,237,284,230,277,196,162,0,0,0,0,0,0,0,0,0,0,0,0,0,0,0,0,0,0,0,0,0,0,0,0,0,0
0,0,0, Kidney,243,220,225,237,214,256,275,234,200,177,219,218,189,178,165,150,166,141,137,133,111,136,101,134,104,94,0,0,0,0,0,0,0,0,0,0,0,0,0,0,0,0,0,0,0,0,0,0,0,0,0,0
0,0,0, Liver,89,114,90,98,89,95,83,85,82,84,72,87,79,68,66,89,76,72,69,64,61,66,47,62,35,44,0,0,0,0,0,0,0,0,0,0,0,0,0,0,0,0,0,0,0,0,0,0,0,0,0,0
0,0,0, Pancreas,2,1,1,2,3,3,4,1,4,2,2,3,2,3,3,3,1,4,0,4,3,1,0,0,1,0,0,0,0,0,0,0,0,0,0,0,0,0,0,0,0,0,0,0,0,0,0,0,0,0,0,0
0,0,0, Kidney / Pancreas,6,5,5,19,19,13,11,16,12,17,9,15,15,9,19,12,13,15,17,24,20,28,12,13,1,0,0,0,0,0,0,0,0,0,0,0,0,0,0,0,0,0,0,0,0,0,0,0,0,0,0,0
0,0,0, Heart,42,43,36,22,21,33,26,20,26,27,21,26,34,27,39,35,29,32,42,26,32,35,52,52,44,21,0,0,0,0,0,0,0,0,0,0,0,0,0,0,0,0,0,0,0,0,0,0,0,0,0,0
0,0,0, Lung,31,20,26,22,23,23,17,17,18,28,19,26,19,24,25,36,22,12,12,15,10,18,17,16,11,1,0,0,0,0,0,0,0,0,0,0,0,0,0,0,0,0,0,0,0,0,0,0,0,0,0,0
0,0,0, Heart / Lung,0,0,0,0,1,0,1,0,0,0,1,1,1,0,0,0,1,2,0,0,0,0,1,0,0,2,0,0,0,0,0,0,0,0,0,0,0,0,0,0,0,0,0,0,0,0,0,0,0,0,0,0
0,0,0, Intestine,1,0,0,0,0,2,2,2,5,1,1,3,1,1,0,3,1,0,0,2,0,0,0,0,0,0,0,0,0,0,0,0,0,0,0,0,0,0,0,0,0,0,0,0,0,0,0,0,0,0,0,0
0,0,0, All Donor Types,0,0,0,0,0,0,0,0,0,0,0,0,0,0,0,0,0,0,0,0,0,0,0,0,0,0,257,241,212,233,215,260,237,218,211,183,206,235,183,156,172,186,183,149,158,126,131,126,92,113,69,62
0,0,0, Deceased Donor,0,0,0,0,0,0,0,0,0,0,0,0,0,0,0,0,0,0,0,0,0,0,0,0,0,0,133,129,99,141,115,118,104,109,100,78,98,121,84,73,79,52,70,69,84,71,81,82,62,79,52,45
0,0,0, Living Donor,0,0,0,0,0,0,0,0,0,0,0,0,0,0,0,0,0,0,0,0,0,0,0,0,0,0,124,112,113,92,100,142,133,109,111,105,108,114,99,83,93,134,113,80,74,55,50,44,30,34,17,17
 Connecticut,41.603221,-73.087749, All Organs,378,284,298,274,305,295,335,299,300,245,240,249,242,237,247,274,255,245,219,215,221,208,165,184,145,156,0,0,0,0,0,0,0,0,0,0,0,0,0,0,0,0,0,0,0,0,0,0,0,0,0,0
0,0,0, Kidney,237,176,186,178,177,169,196,170,170,150,142,141,137,142,159,157,142,130,137,127,129,117,98,120,89,87,0,0,0,0,0,0,0,0,0,0,0,0,0,0,0,0,0,0,0,0,0,0,0,0,0,0
0,0,0, Liver,74,59,58,55,67,65,80,69,73,52,52,56,63,49,46,66,52,62,37,42,32,44,33,33,27,34,0,0,0,0,0,0,0,0,0,0,0,0,0,0,0,0,0,0,0,0,0,0,0,0,0,0
0,0,0, Pancreas,2,2,1,2,0,1,1,4,5,3,4,4,6,11,8,12,9,11,8,5,8,6,1,0,1,3,0,0,0,0,0,0,0,0,0,0,0,0,0,0,0,0,0,0,0,0,0,0,0,0,0,0
0,0,0, Kidney / Pancreas,2,1,3,1,4,2,2,6,3,1,3,2,4,3,2,2,5,6,5,3,4,6,6,3,4,4,0,0,0,0,0,0,0,0,0,0,0,0,0,0,0,0,0,0,0,0,0,0,0,0,0,0
0,0,0, Heart,40,27,37,27,32,37,39,29,35,28,20,29,22,18,20,32,28,30,26,30,37,30,22,23,23,25,0,0,0,0,0,0,0,0,0,0,0,0,0,0,0,0,0,0,0,0,0,0,0,0,0,0
0,0,0, Lung,22,18,12,10,22,21,17,19,13,8,17,14,7,14,9,5,17,5,6,7,10,5,5,4,1,3,0,0,0,0,0,0,0,0,0,0,0,0,0,0,0,0,0,0,0,0,0,0,0,0,0,0
0,0,0, Heart / Lung,0,0,0,1,0,0,0,0,0,0,0,0,0,0,1,0,0,0,0,1,0,0,0,1,0,0,0,0,0,0,0,0,0,0,0,0,0,0,0,0,0,0,0,0,0,0,0,0,0,0,0,0
0,0,0, Intestine,1,1,1,0,3,0,0,2,1,3,2,3,3,0,2,0,2,1,0,0,1,0,0,0,0,0,0,0,0,0,0,0,0,0,0,0,0,0,0,0,0,0,0,0,0,0,0,0,0,0,0,0
0,0,0, All Donor Types,0,0,0,0,0,0,0,0,0,0,0,0,0,0,0,0,0,0,0,0,0,0,0,0,0,0,168,157,156,151,139,145,174,126,136,124,131,136,142,124,146,133,150,111,128,109,104,103,87,75,66,60
0,0,0, Deceased Donor,0,0,0,0,0,0,0,0,0,0,0,0,0,0,0,0,0,0,0,0,0,0,0,0,0,0,90,70,74,73,57,61,82,47,64,50,70,70,83,57,59,40,64,41,55,53,49,51,51,45,35,42
0,0,0, Living Donor,0,0,0,0,0,0,0,0,0,0,0,0,0,0,0,0,0,0,0,0,0,0,0,0,0,0,78,87,82,78,82,84,92,79,72,74,61,66,59,67,87,93,86,70,73,56,55,52,36,30,31,18
 Delaware,38.910832,-75.52767, All Organs,120,114,108,134,97,98,108,90,111,104,105,84,86,84,95,84,90,83,96,69,83,71,53,54,53,26,0,0,0,0,0,0,0,0,0,0,0,0,0,0,0,0,0,0,0,0,0,0,0,0,0,0
0,0,0, Kidney,53,57,56,72,51,53,59,47,64,64,54,44,49,54,69,59,56,57,62,42,46,44,35,30,33,17,0,0,0,0,0,0,0,0,0,0,0,0,0,0,0,0,0,0,0,0,0,0,0,0,0,0
0,0,0, Liver,38,42,36,37,27,27,29,26,29,18,22,23,16,10,14,9,8,7,6,11,7,9,6,6,9,4,0,0,0,0,0,0,0,0,0,0,0,0,0,0,0,0,0,0,0,0,0,0,0,0,0,0
0,0,0, Pancreas,0,0,0,1,0,2,0,0,1,0,0,2,1,2,3,4,5,6,4,7,10,2,2,2,0,0,0,0,0,0,0,0,0,0,0,0,0,0,0,0,0,0,0,0,0,0,0,0,0,0,0,0
0,0,0, Kidney / Pancreas,1,1,1,3,3,1,3,3,1,2,7,0,1,0,3,1,5,0,4,3,6,6,1,4,4,1,0,0,0,0,0,0,0,0,0,0,0,0,0,0,0,0,0,0,0,0,0,0,0,0,0,0
0,0,0, Heart,11,7,11,10,10,7,5,9,5,12,13,6,13,11,4,6,9,5,14,4,9,6,4,7,4,2,0,0,0,0,0,0,0,0,0,0,0,0,0,0,0,0,0,0,0,0,0,0,0,0,0,0
0,0,0, Lung,16,7,4,10,6,7,10,5,10,6,8,8,5,4,2,5,7,8,6,2,5,4,5,5,3,2,0,0,0,0,0,0,0,0,0,0,0,0,0,0,0,0,0,0,0,0,0,0,0,0,0,0
0,0,0, Heart / Lung,0,0,0,0,0,0,1,0,0,0,0,0,0,1,0,0,0,0,0,0,0,0,0,0,0,0,0,0,0,0,0,0,0,0,0,0,0,0,0,0,0,0,0,0,0,0,0,0,0,0,0,0
0,0,0, Intestine,1,0,0,1,0,1,1,0,1,2,1,1,1,2,0,0,0,0,0,0,0,0,0,0,0,0,0,0,0,0,0,0,0,0,0,0,0,0,0,0,0,0,0,0,0,0,0,0,0,0,0,0
0,0,0, All Donor Types,0,0,0,0,0,0,0,0,0,0,0,0,0,0,0,0,0,0,0,0,0,0,0,0,0,0,56,61,66,60,65,59,47,67,61,52,64,45,47,43,56,41,49,44,49,33,36,26,26,21,22,18
0,0,0, Deceased Donor,0,0,0,0,0,0,0,0,0,0,0,0,0,0,0,0,0,0,0,0,0,0,0,0,0,0,43,47,45,50,44,45,30,48,45,34,38,30,30,21,30,20,30,24,24,16,22,17,14,16,16,12
0,0,0, Living Donor,0,0,0,0,0,0,0,0,0,0,0,0,0,0,0,0,0,0,0,0,0,0,0,0,0,0,13,14,21,10,21,14,17,19,16,18,26,15,17,22,26,21,19,20,25,17,14,9,12,5,6,6
 District of Columbia,38.907192,-77.036871, All Organs,123,96,89,69,71,73,56,71,58,48,71,79,72,55,62,61,56,73,45,41,44,60,54,47,56,53,0,0,0,0,0,0,0,0,0,0,0,0,0,0,0,0,0,0,0,0,0,0,0,0,0,0
0,0,0, Kidney,84,70,53,45,39,36,38,46,39,28,46,49,47,39,43,42,40,50,27,29,32,42,38,29,33,28,0,0,0,0,0,0,0,0,0,0,0,0,0,0,0,0,0,0,0,0,0,0,0,0,0,0
0,0,0, Liver,25,17,21,14,23,24,9,11,10,13,17,21,18,11,14,12,9,18,9,8,6,11,8,12,18,17,0,0,0,0,0,0,0,0,0,0,0,0,0,0,0,0,0,0,0,0,0,0,0,0,0,0
0,0,0, Pancreas,2,0,0,1,0,1,1,1,0,1,0,2,2,0,1,2,0,0,0,0,0,0,0,0,0,0,0,0,0,0,0,0,0,0,0,0,0,0,0,0,0,0,0,0,0,0,0,0,0,0,0,0
0,0,0, Kidney / Pancreas,3,0,2,0,0,1,0,3,3,1,4,0,1,1,3,2,3,2,4,3,2,4,2,1,1,3,0,0,0,0,0,0,0,0,0,0,0,0,0,0,0,0,0,0,0,0,0,0,0,0,0,0
0,0,0, Heart,7,7,10,7,4,7,4,5,4,0,1,4,4,3,0,1,2,0,3,1,4,3,5,5,4,5,0,0,0,0,0,0,0,0,0,0,0,0,0,0,0,0,0,0,0,0,0,0,0,0,0,0
0,0,0, Lung,0,2,2,2,5,2,3,5,2,4,3,1,0,1,1,1,1,3,1,0,0,0,1,0,0,0,0,0,0,0,0,0,0,0,0,0,0,0,0,0,0,0,0,0,0,0,0,0,0,0,0,0
0,0,0, Heart / Lung,0,0,0,0,0,1,0,0,0,0,0,0,0,0,0,0,0,0,0,0,0,0,0,0,0,0,0,0,0,0,0,0,0,0,0,0,0,0,0,0,0,0,0,0,0,0,0,0,0,0,0,0
0,0,0, Intestine,2,0,1,0,0,1,1,0,0,1,0,2,0,0,0,1,1,0,1,0,0,0,0,0,0,0,0,0,0,0,0,0,0,0,0,0,0,0,0,0,0,0,0,0,0,0,0,0,0,0,0,0
0,0,0, All Donor Types,0,0,0,0,0,0,0,0,0,0,0,0,0,0,0,0,0,0,0,0,0,0,0,0,0,0,41,28,42,30,33,39,41,48,28,39,48,40,37,20,34,35,24,40,31,21,36,21,22,24,25,23
0,0,0, Deceased Donor,0,0,0,0,0,0,0,0,0,0,0,0,0,0,0,0,0,0,0,0,0,0,0,0,0,0,17,18,20,18,18,20,27,18,20,19,30,23,24,9,19,16,9,16,12,12,19,11,15,11,13,17
0,0,0, Living Donor,0,0,0,0,0,0,0,0,0,0,0,0,0,0,0,0,0,0,0,0,0,0,0,0,0,0,24,10,22,12,15,19,14,30,8,20,18,17,13,11,15,19,15,24,19,9,17,10,7,13,12,6
 Florida,27.664827,-81.515754, All Organs,2028,1933,1715,1606,1637,1772,1774,1688,1747,1719,1604,1644,1531,1426,1352,1511,1281,1245,1179,1146,987,1067,858,725,727,629,0,0,0,0,0,0,0,0,0,0,0,0,0,0,0,0,0,0,0,0,0,0,0,0,0,0
0,0,0, Kidney,1076,1085,964,909,887,959,965,897,908,872,814,886,800,707,652,730,659,683,614,626,540,569,476,461,464,421,0,0,0,0,0,0,0,0,0,0,0,0,0,0,0,0,0,0,0,0,0,0,0,0,0,0
0,0,0, Liver,466,456,435,377,437,436,434,439,496,477,424,412,429,417,408,458,400,356,328,290,268,304,204,133,125,103,0,0,0,0,0,0,0,0,0,0,0,0,0,0,0,0,0,0,0,0,0,0,0,0,0,0
0,0,0, Pancreas,17,16,18,9,7,9,10,10,10,14,25,22,15,25,31,33,17,8,6,7,3,2,2,3,1,0,0,0,0,0,0,0,0,0,0,0,0,0,0,0,0,0,0,0,0,0,0,0,0,0,0,0
0,0,0, Kidney / Pancreas,53,50,51,50,47,65,63,58,61,64,54,70,77,56,67,81,46,36,31,32,23,25,32,11,9,7,0,0,0,0,0,0,0,0,0,0,0,0,0,0,0,0,0,0,0,0,0,0,0,0,0,0
0,0,0, Heart,236,172,142,126,136,148,150,147,147,158,136,140,126,136,124,142,110,115,150,139,116,121,106,102,103,85,0,0,0,0,0,0,0,0,0,0,0,0,0,0,0,0,0,0,0,0,0,0,0,0,0,0
0,0,0, Lung,161,137,84,124,118,147,138,127,113,118,130,94,73,72,58,49,38,38,40,40,31,39,32,13,21,12,0,0,0,0,0,0,0,0,0,0,0,0,0,0,0,0,0,0,0,0,0,0,0,0,0,0
0,0,0, Heart / Lung,2,2,1,1,3,0,1,2,1,3,2,6,2,0,1,0,4,3,3,2,2,2,2,1,1,1,0,0,0,0,0,0,0,0,0,0,0,0,0,0,0,0,0,0,0,0,0,0,0,0,0,0
0,0,0, Intestine,17,15,20,10,2,8,13,8,11,13,19,14,9,13,11,18,7,6,7,10,4,5,4,1,3,0,0,0,0,0,0,0,0,0,0,0,0,0,0,0,0,0,0,0,0,0,0,0,0,0,0,0
0,0,0, All Donor Types,0,0,0,0,0,0,0,0,0,0,0,0,0,0,0,0,0,0,0,0,0,0,0,0,0,0,921,862,780,780,796,782,775,747,755,744,733,702,739,665,615,647,597,626,571,536,478,524,457,406,328,378
0,0,0, Deceased Donor,0,0,0,0,0,0,0,0,0,0,0,0,0,0,0,0,0,0,0,0,0,0,0,0,0,0,692,618,549,519,536,559,528,490,523,527,492,452,451,437,413,436,428,418,410,394,365,385,343,312,222,275
0,0,0, Living Donor,0,0,0,0,0,0,0,0,0,0,0,0,0,0,0,0,0,0,0,0,0,0,0,0,0,0,229,244,231,261,260,223,247,257,232,217,241,250,288,228,202,211,169,208,161,142,113,139,114,94,106,103
 Georgia,32.165622,-82.900075, All Organs,957,949,848,854,832,817,817,772,683,694,713,658,703,580,566,575,542,488,466,461,394,420,369,374,313,252,0,0,0,0,0,0,0,0,0,0,0,0,0,0,0,0,0,0,0,0,0,0,0,0,0,0
0,0,0, Kidney,515,539,470,452,474,458,437,400,351,394,380,351,410,316,346,328,314,282,264,261,237,263,232,218,211,149,0,0,0,0,0,0,0,0,0,0,0,0,0,0,0,0,0,0,0,0,0,0,0,0,0,0
0,0,0, Liver,298,271,261,264,216,222,234,227,190,189,197,181,174,136,119,114,125,116,94,97,80,74,57,77,40,48,0,0,0,0,0,0,0,0,0,0,0,0,0,0,0,0,0,0,0,0,0,0,0,0,0,0
0,0,0, Pancreas,6,4,0,5,2,3,7,8,6,4,8,6,7,11,7,10,2,3,2,1,0,0,0,0,0,0,0,0,0,0,0,0,0,0,0,0,0,0,0,0,0,0,0,0,0,0,0,0,0,0,0,0
0,0,0, Kidney / Pancreas,24,20,25,14,28,19,26,29,43,23,32,35,26,30,29,45,28,19,23,16,16,7,13,12,3,7,0,0,0,0,0,0,0,0,0,0,0,0,0,0,0,0,0,0,0,0,0,0,0,0,0,0
0,0,0, Heart,73,75,53,70,61,54,67,55,48,47,51,42,48,47,40,50,55,52,63,64,50,59,56,52,47,41,0,0,0,0,0,0,0,0,0,0,0,0,0,0,0,0,0,0,0,0,0,0,0,0,0,0
0,0,0, Lung,36,36,39,47,49,57,45,42,36,33,34,39,32,37,22,22,14,12,17,22,9,16,11,12,12,5,0,0,0,0,0,0,0,0,0,0,0,0,0,0,0,0,0,0,0,0,0,0,0,0,0,0
0,0,0, Heart / Lung,0,0,0,0,0,1,0,1,0,1,0,0,1,0,0,1,2,1,2,0,0,0,0,2,0,1,0,0,0,0,0,0,0,0,0,0,0,0,0,0,0,0,0,0,0,0,0,0,0,0,0,0
0,0,0, Intestine,5,4,0,2,2,3,1,10,9,3,11,4,5,3,3,5,2,3,1,0,2,1,0,1,0,1,0,0,0,0,0,0,0,0,0,0,0,0,0,0,0,0,0,0,0,0,0,0,0,0,0,0
0,0,0, All Donor Types,0,0,0,0,0,0,0,0,0,0,0,0,0,0,0,0,0,0,0,0,0,0,0,0,0,0,472,473,427,454,419,418,464,398,385,399,394,392,417,317,332,350,297,250,246,237,212,238,199,182,162,156
0,0,0, Deceased Donor,0,0,0,0,0,0,0,0,0,0,0,0,0,0,0,0,0,0,0,0,0,0,0,0,0,0,310,280,273,280,263,252,290,252,263,250,256,235,238,176,177,205,167,168,167,161,134,132,109,109,89,90
0,0,0, Living Donor,0,0,0,0,0,0,0,0,0,0,0,0,0,0,0,0,0,0,0,0,0,0,0,0,0,0,162,193,154,174,156,166,174,146,122,149,138,157,179,141,155,145,130,82,79,76,78,106,90,73,73,66
 Hawaii,19.896766,-155.582782, All Organs,108,108,118,99,50,83,85,85,93,82,92,95,81,84,89,74,65,76,67,52,52,46,56,42,69,47,0,0,0,0,0,0,0,0,0,0,0,0,0,0,0,0,0,0,0,0,0,0,0,0,0,0
0,0,0, Kidney,68,76,90,68,30,52,60,54,62,56,66,77,52,59,68,52,43,56,46,36,37,28,38,26,43,32,0,0,0,0,0,0,0,0,0,0,0,0,0,0,0,0,0,0,0,0,0,0,0,0,0,0
0,0,0, Liver,28,21,21,23,18,24,20,21,23,17,17,14,18,17,12,14,17,14,17,10,12,16,7,10,15,11,0,0,0,0,0,0,0,0,0,0,0,0,0,0,0,0,0,0,0,0,0,0,0,0,0,0
0,0,0, Pancreas,0,1,0,0,0,0,0,0,0,0,0,0,0,1,1,1,0,0,0,0,0,0,0,0,0,0,0,0,0,0,0,0,0,0,0,0,0,0,0,0,0,0,0,0,0,0,0,0,0,0,0,0
0,0,0, Kidney / Pancreas,1,2,1,0,0,1,2,1,1,4,1,2,2,3,3,2,2,1,1,2,1,1,2,1,0,0,0,0,0,0,0,0,0,0,0,0,0,0,0,0,0,0,0,0,0,0,0,0,0,0,0,0
0,0,0, Heart,8,5,5,4,1,6,1,6,5,2,5,1,7,4,5,4,3,4,3,3,2,0,8,5,10,4,0,0,0,0,0,0,0,0,0,0,0,0,0,0,0,0,0,0,0,0,0,0,0,0,0,0
0,0,0, Lung,3,2,1,4,1,0,2,3,1,2,2,1,0,0,0,1,0,1,0,0,0,1,1,0,0,0,0,0,0,0,0,0,0,0,0,0,0,0,0,0,0,0,0,0,0,0,0,0,0,0,0,0
0,0,0, Heart / Lung,0,0,0,0,0,0,0,0,0,1,0,0,0,0,0,0,0,0,0,0,0,0,0,0,1,0,0,0,0,0,0,0,0,0,0,0,0,0,0,0,0,0,0,0,0,0,0,0,0,0,0,0
0,0,0, Intestine,0,1,0,0,0,0,0,0,1,0,1,0,2,0,0,0,0,0,0,1,0,0,0,0,0,0,0,0,0,0,0,0,0,0,0,0,0,0,0,0,0,0,0,0,0,0,0,0,0,0,0,0
0,0,0, All Donor Types,0,0,0,0,0,0,0,0,0,0,0,0,0,0,0,0,0,0,0,0,0,0,0,0,0,0,52,64,66,66,68,57,48,52,51,39,49,58,50,40,48,44,40,40,33,22,17,23,21,13,29,13
0,0,0, Deceased Donor,0,0,0,0,0,0,0,0,0,0,0,0,0,0,0,0,0,0,0,0,0,0,0,0,0,0,35,40,42,38,54,40,29,30,29,19,25,24,25,25,23,24,28,25,14,13,11,11,11,9,19,10
0,0,0, Living Donor,0,0,0,0,0,0,0,0,0,0,0,0,0,0,0,0,0,0,0,0,0,0,0,0,0,0,17,24,24,28,14,17,19,22,22,20,24,34,25,15,25,20,12,15,19,9,6,12,10,4,10,3
 Idaho,44.068202,-114.742041, All Organs,115,116,121,118,89,102,89,73,84,110,111,71,95,99,84,77,100,90,75,73,80,72,53,43,61,58,0,0,0,0,0,0,0,0,0,0,0,0,0,0,0,0,0,0,0,0,0,0,0,0,0,0
0,0,0, Kidney,72,68,79,77,60,62,53,41,43,63,67,48,64,62,52,41,66,59,49,44,52,44,28,25,32,31,0,0,0,0,0,0,0,0,0,0,0,0,0,0,0,0,0,0,0,0,0,0,0,0,0,0
0,0,0, Liver,27,25,25,24,13,19,17,16,18,17,21,10,17,19,16,15,20,17,13,13,14,14,12,6,12,10,0,0,0,0,0,0,0,0,0,0,0,0,0,0,0,0,0,0,0,0,0,0,0,0,0,0
0,0,0, Pancreas,0,1,0,0,0,0,0,0,1,3,1,0,2,1,0,1,1,2,0,1,0,0,0,0,0,0,0,0,0,0,0,0,0,0,0,0,0,0,0,0,0,0,0,0,0,0,0,0,0,0,0,0
0,0,0, Kidney / Pancreas,5,7,6,5,4,2,8,3,3,4,7,2,2,6,2,1,2,3,6,2,4,2,2,0,1,3,0,0,0,0,0,0,0,0,0,0,0,0,0,0,0,0,0,0,0,0,0,0,0,0,0,0
0,0,0, Heart,6,9,9,7,4,12,9,9,9,14,12,7,6,10,8,10,6,6,4,8,6,9,7,10,13,12,0,0,0,0,0,0,0,0,0,0,0,0,0,0,0,0,0,0,0,0,0,0,0,0,0,0
0,0,0, Lung,5,5,2,5,8,6,2,4,10,8,3,4,4,1,5,6,5,3,2,4,4,0,3,2,2,1,0,0,0,0,0,0,0,0,0,0,0,0,0,0,0,0,0,0,0,0,0,0,0,0,0,0
0,0,0, Heart / Lung,0,0,0,0,0,0,0,0,0,0,0,0,0,0,0,1,0,0,0,0,0,2,1,0,1,1,0,0,0,0,0,0,0,0,0,0,0,0,0,0,0,0,0,0,0,0,0,0,0,0,0,0
0,0,0, Intestine,0,1,0,0,0,1,0,0,0,1,0,0,0,0,1,2,0,0,1,1,0,1,0,0,0,0,0,0,0,0,0,0,0,0,0,0,0,0,0,0,0,0,0,0,0,0,0,0,0,0,0,0
0,0,0, All Donor Types,0,0,0,0,0,0,0,0,0,0,0,0,0,0,0,0,0,0,0,0,0,0,0,0,0,0,81,67,65,66,64,66,63,51,43,53,79,57,52,51,51,55,54,50,46,49,46,46,38,24,23,35
0,0,0, Deceased Donor,0,0,0,0,0,0,0,0,0,0,0,0,0,0,0,0,0,0,0,0,0,0,0,0,0,0,50,42,38,40,38,41,34,28,19,24,42,27,22,25,20,25,25,25,22,27,24,25,24,16,15,25
0,0,0, Living Donor,0,0,0,0,0,0,0,0,0,0,0,0,0,0,0,0,0,0,0,0,0,0,0,0,0,0,31,25,27,26,26,25,29,23,24,29,37,30,30,26,31,30,29,25,24,22,22,21,14,8,8,10
 Illinois,40.633125,-89.398528, All Organs,1472,1264,1335,1386,1325,1446,1372,1487,1393,1315,1485,1436,1389,1326,1222,1094,1109,1047,1047,1035,1059,1078,994,844,703,595,0,0,0,0,0,0,0,0,0,0,0,0,0,0,0,0,0,0,0,0,0,0,0,0,0,0
0,0,0, Kidney,860,717,775,822,808,865,845,895,861,797,917,875,827,792,768,672,671,597,593,558,590,616,538,477,388,330,0,0,0,0,0,0,0,0,0,0,0,0,0,0,0,0,0,0,0,0,0,0,0,0,0,0
0,0,0, Liver,302,274,264,295,265,317,290,332,285,301,354,355,338,317,241,224,233,233,218,230,235,220,226,168,169,132,0,0,0,0,0,0,0,0,0,0,0,0,0,0,0,0,0,0,0,0,0,0,0,0,0,0
0,0,0, Pancreas,14,21,16,28,23,22,22,21,35,22,17,32,19,28,33,11,12,10,17,12,6,7,6,5,1,2,0,0,0,0,0,0,0,0,0,0,0,0,0,0,0,0,0,0,0,0,0,0,0,0,0,0
0,0,0, Kidney / Pancreas,60,44,46,46,49,64,49,60,41,46,46,53,67,69,59,67,52,72,78,84,58,53,69,51,25,32,0,0,0,0,0,0,0,0,0,0,0,0,0,0,0,0,0,0,0,0,0,0,0,0,0,0
0,0,0, Heart,145,101,122,108,121,95,95,105,94,85,92,64,73,70,73,73,82,85,94,99,119,127,104,83,84,81,0,0,0,0,0,0,0,0,0,0,0,0,0,0,0,0,0,0,0,0,0,0,0,0,0,0
0,0,0, Lung,87,100,108,80,53,81,64,69,71,60,54,47,58,45,44,42,53,47,41,48,48,47,45,53,34,17,0,0,0,0,0,0,0,0,0,0,0,0,0,0,0,0,0,0,0,0,0,0,0,0,0,0
0,0,0, Heart / Lung,2,1,1,0,0,0,0,0,0,0,0,1,1,0,2,2,1,2,1,3,1,4,5,5,2,1,0,0,0,0,0,0,0,0,0,0,0,0,0,0,0,0,0,0,0,0,0,0,0,0,0,0
0,0,0, Intestine,2,6,3,7,6,2,7,5,6,4,5,9,6,5,2,3,5,1,5,1,2,4,1,2,0,0,0,0,0,0,0,0,0,0,0,0,0,0,0,0,0,0,0,0,0,0,0,0,0,0,0,0
0,0,0, All Donor Types,0,0,0,0,0,0,0,0,0,0,0,0,0,0,0,0,0,0,0,0,0,0,0,0,0,0,706,666,639,681,626,672,721,657,641,627,727,684,688,650,643,586,564,528,486,459,465,465,403,330,310,311
0,0,0, Deceased Donor,0,0,0,0,0,0,0,0,0,0,0,0,0,0,0,0,0,0,0,0,0,0,0,0,0,0,417,407,353,356,315,304,299,291,301,292,299,302,304,305,296,288,310,314,256,274,295,277,247,201,209,204
0,0,0, Living Donor,0,0,0,0,0,0,0,0,0,0,0,0,0,0,0,0,0,0,0,0,0,0,0,0,0,0,289,259,286,325,311,368,422,366,340,335,428,382,384,345,347,298,254,214,230,185,170,188,156,129,101,107
 Indiana,40.267194,-86.134902, All Organs,698,588,645,613,640,591,644,601,601,642,631,747,668,669,586,492,455,397,429,379,380,370,393,387,336,311,0,0,0,0,0,0,0,0,0,0,0,0,0,0,0,0,0,0,0,0,0,0,0,0,0,0
0,0,0, Kidney,329,287,319,315,339,321,343,309,289,284,301,351,322,322,323,262,241,205,251,207,193,200,201,208,195,149,0,0,0,0,0,0,0,0,0,0,0,0,0,0,0,0,0,0,0,0,0,0,0,0,0,0
0,0,0, Liver,172,131,128,117,127,113,127,132,134,167,153,192,174,182,157,105,88,94,82,81,85,68,72,75,65,77,0,0,0,0,0,0,0,0,0,0,0,0,0,0,0,0,0,0,0,0,0,0,0,0,0,0
0,0,0, Pancreas,15,16,25,20,17,22,30,40,36,43,35,35,29,15,7,7,4,5,2,2,0,2,3,2,2,0,0,0,0,0,0,0,0,0,0,0,0,0,0,0,0,0,0,0,0,0,0,0,0,0,0,0
0,0,0, Kidney / Pancreas,36,22,19,23,27,18,21,19,31,39,33,42,50,34,15,16,21,22,10,11,14,14,13,12,8,9,0,0,0,0,0,0,0,0,0,0,0,0,0,0,0,0,0,0,0,0,0,0,0,0,0,0
0,0,0, Heart,78,60,66,62,53,56,58,48,54,52,46,50,46,53,43,68,56,43,54,56,61,62,82,63,50,59,0,0,0,0,0,0,0,0,0,0,0,0,0,0,0,0,0,0,0,0,0,0,0,0,0,0
0,0,0, Lung,58,67,82,66,64,48,50,35,41,38,49,62,44,59,38,32,42,25,29,21,27,20,21,25,15,17,0,0,0,0,0,0,0,0,0,0,0,0,0,0,0,0,0,0,0,0,0,0,0,0,0,0
0,0,0, Heart / Lung,0,0,0,0,0,0,0,1,0,0,0,0,0,1,1,0,0,0,0,1,0,3,1,1,1,0,0,0,0,0,0,0,0,0,0,0,0,0,0,0,0,0,0,0,0,0,0,0,0,0,0,0
0,0,0, Intestine,10,5,6,10,13,13,15,17,16,19,14,15,3,3,2,2,3,3,1,0,0,1,0,1,0,0,0,0,0,0,0,0,0,0,0,0,0,0,0,0,0,0,0,0,0,0,0,0,0,0,0,0
0,0,0, All Donor Types,0,0,0,0,0,0,0,0,0,0,0,0,0,0,0,0,0,0,0,0,0,0,0,0,0,0,338,316,303,274,290,313,348,313,298,271,329,315,313,302,261,220,205,187,208,188,163,176,154,167,137,135
0,0,0, Deceased Donor,0,0,0,0,0,0,0,0,0,0,0,0,0,0,0,0,0,0,0,0,0,0,0,0,0,0,206,207,196,156,172,175,184,169,163,151,159,195,186,189,163,119,104,104,132,117,109,123,108,98,87,92
0,0,0, Living Donor,0,0,0,0,0,0,0,0,0,0,0,0,0,0,0,0,0,0,0,0,0,0,0,0,0,0,132,109,107,118,118,138,164,144,135,120,170,120,127,113,98,101,101,83,76,71,54,53,46,69,50,43
 Iowa,41.878003,-93.097702, All Organs,304,265,304,336,265,294,329,312,255,226,270,249,260,259,283,309,293,272,244,224,234,199,270,229,175,166,0,0,0,0,0,0,0,0,0,0,0,0,0,0,0,0,0,0,0,0,0,0,0,0,0,0
0,0,0, Kidney,170,156,188,217,157,180,195,159,137,143,158,153,183,152,173,172,180,151,127,119,127,114,165,121,96,88,0,0,0,0,0,0,0,0,0,0,0,0,0,0,0,0,0,0,0,0,0,0,0,0,0,0
0,0,0, Liver,70,53,51,55,62,61,67,72,54,43,62,55,42,53,53,62,65,64,70,55,56,42,58,56,27,29,0,0,0,0,0,0,0,0,0,0,0,0,0,0,0,0,0,0,0,0,0,0,0,0,0,0
0,0,0, Pancreas,2,3,5,6,6,6,2,8,8,4,7,5,5,5,14,25,11,7,3,3,3,4,1,3,2,4,0,0,0,0,0,0,0,0,0,0,0,0,0,0,0,0,0,0,0,0,0,0,0,0,0,0
0,0,0, Kidney / Pancreas,12,6,11,5,10,7,13,17,13,5,11,11,6,15,13,14,14,17,21,12,6,10,10,14,13,17,0,0,0,0,0,0,0,0,0,0,0,0,0,0,0,0,0,0,0,0,0,0,0,0,0,0
0,0,0, Heart,28,28,29,30,16,19,27,30,19,21,17,13,20,20,15,21,11,20,19,26,28,20,27,27,25,19,0,0,0,0,0,0,0,0,0,0,0,0,0,0,0,0,0,0,0,0,0,0,0,0,0,0
0,0,0, Lung,22,18,19,22,14,19,24,26,20,10,14,9,2,14,14,14,12,12,3,7,12,8,8,8,10,9,0,0,0,0,0,0,0,0,0,0,0,0,0,0,0,0,0,0,0,0,0,0,0,0,0,0
0,0,0, Heart / Lung,0,0,0,0,0,1,0,0,0,0,0,1,1,0,0,0,0,0,1,1,0,0,1,0,2,0,0,0,0,0,0,0,0,0,0,0,0,0,0,0,0,0,0,0,0,0,0,0,0,0,0,0
0,0,0, Intestine,0,1,1,1,0,1,1,0,4,0,1,2,1,0,1,1,0,1,0,1,2,1,0,0,0,0,0,0,0,0,0,0,0,0,0,0,0,0,0,0,0,0,0,0,0,0,0,0,0,0,0,0
0,0,0, All Donor Types,0,0,0,0,0,0,0,0,0,0,0,0,0,0,0,0,0,0,0,0,0,0,0,0,0,0,123,142,145,139,121,113,145,137,122,133,131,133,139,135,139,147,145,140,108,102,114,95,115,93,68,73
0,0,0, Deceased Donor,0,0,0,0,0,0,0,0,0,0,0,0,0,0,0,0,0,0,0,0,0,0,0,0,0,0,65,79,74,81,61,54,73,62,59,65,55,62,47,54,58,60,65,58,55,59,58,44,66,54,39,49
0,0,0, Living Donor,0,0,0,0,0,0,0,0,0,0,0,0,0,0,0,0,0,0,0,0,0,0,0,0,0,0,58,63,71,58,60,59,72,75,63,68,76,71,92,81,81,87,80,82,53,43,56,51,49,39,29,24
 Kansas,39.011902,-98.484246, All Organs,274,255,255,249,231,244,224,231,263,223,233,214,194,166,197,178,183,178,176,165,151,161,130,144,120,141,0,0,0,0,0,0,0,0,0,0,0,0,0,0,0,0,0,0,0,0,0,0,0,0,0,0
0,0,0, Kidney,154,138,136,117,129,132,115,128,131,119,113,109,107,93,110,94,100,98,104,98,77,92,78,82,70,70,0,0,0,0,0,0,0,0,0,0,0,0,0,0,0,0,0,0,0,0,0,0,0,0,0,0
0,0,0, Liver,77,62,76,84,61,71,58,63,78,61,73,47,49,41,45,49,41,34,46,32,36,32,31,26,21,35,0,0,0,0,0,0,0,0,0,0,0,0,0,0,0,0,0,0,0,0,0,0,0,0,0,0
0,0,0, Pancreas,1,0,0,2,0,2,3,2,4,3,2,3,4,4,5,1,3,1,1,1,1,0,0,2,0,2,0,0,0,0,0,0,0,0,0,0,0,0,0,0,0,0,0,0,0,0,0,0,0,0,0,0
0,0,0, Kidney / Pancreas,1,10,5,6,8,11,5,5,12,7,6,12,7,8,8,14,8,11,1,1,4,4,3,3,4,2,0,0,0,0,0,0,0,0,0,0,0,0,0,0,0,0,0,0,0,0,0,0,0,0,0,0
0,0,0, Heart,26,29,25,22,24,23,27,26,20,22,29,28,19,8,16,13,22,26,17,21,29,28,15,27,19,30,0,0,0,0,0,0,0,0,0,0,0,0,0,0,0,0,0,0,0,0,0,0,0,0,0,0
0,0,0, Lung,15,16,13,16,9,5,16,6,17,8,8,14,8,12,12,7,8,7,6,12,4,4,0,3,5,1,0,0,0,0,0,0,0,0,0,0,0,0,0,0,0,0,0,0,0,0,0,0,0,0,0,0
0,0,0, Heart / Lung,0,0,0,0,0,0,0,0,0,0,0,0,0,0,1,0,1,0,1,0,0,1,2,1,1,1,0,0,0,0,0,0,0,0,0,0,0,0,0,0,0,0,0,0,0,0,0,0,0,0,0,0
0,0,0, Intestine,0,0,0,2,0,0,0,1,1,3,2,1,0,0,0,0,0,1,0,0,0,0,1,0,0,0,0,0,0,0,0,0,0,0,0,0,0,0,0,0,0,0,0,0,0,0,0,0,0,0,0,0
0,0,0, All Donor Types,0,0,0,0,0,0,0,0,0,0,0,0,0,0,0,0,0,0,0,0,0,0,0,0,0,0,173,135,151,137,150,147,140,167,144,136,139,127,105,115,96,101,97,94,101,87,81,84,71,78,66,81
0,0,0, Deceased Donor,0,0,0,0,0,0,0,0,0,0,0,0,0,0,0,0,0,0,0,0,0,0,0,0,0,0,127,105,117,114,109,116,97,118,102,95,101,84,70,64,58,58,53,59,67,55,51,59,51,52,47,56
0,0,0, Living Donor,0,0,0,0,0,0,0,0,0,0,0,0,0,0,0,0,0,0,0,0,0,0,0,0,0,0,46,30,34,23,41,31,43,49,42,41,38,43,35,51,38,43,44,35,34,32,30,25,20,26,19,25
 Kentucky,37.839333,-84.270018, All Organs,374,367,352,385,362,332,388,366,344,354,356,377,339,342,337,317,293,322,310,300,306,311,288,281,210,230,0,0,0,0,0,0,0,0,0,0,0,0,0,0,0,0,0,0,0,0,0,0,0,0,0,0
0,0,0, Kidney,180,176,155,188,190,175,207,215,165,164,176,191,152,180,191,187,138,152,170,171,175,167,156,167,133,133,0,0,0,0,0,0,0,0,0,0,0,0,0,0,0,0,0,0,0,0,0,0,0,0,0,0
0,0,0, Liver,94,100,108,103,87,88,104,88,98,106,108,98,108,91,72,70,65,73,62,62,45,46,40,33,29,35,0,0,0,0,0,0,0,0,0,0,0,0,0,0,0,0,0,0,0,0,0,0,0,0,0,0
0,0,0, Pancreas,0,1,8,2,3,3,5,3,5,6,4,5,5,3,2,4,6,2,0,1,0,1,1,2,0,2,0,0,0,0,0,0,0,0,0,0,0,0,0,0,0,0,0,0,0,0,0,0,0,0,0,0
0,0,0, Kidney / Pancreas,7,7,10,16,8,5,12,12,10,22,11,8,17,13,18,12,21,19,12,13,20,16,16,12,8,5,0,0,0,0,0,0,0,0,0,0,0,0,0,0,0,0,0,0,0,0,0,0,0,0,0,0
0,0,0, Heart,55,53,27,36,36,27,33,25,24,29,27,37,34,40,36,29,37,41,50,40,43,42,46,50,32,48,0,0,0,0,0,0,0,0,0,0,0,0,0,0,0,0,0,0,0,0,0,0,0,0,0,0
0,0,0, Lung,37,30,38,39,36,34,26,22,38,23,29,36,18,14,17,14,26,32,16,11,22,38,27,14,8,7,0,0,0,0,0,0,0,0,0,0,0,0,0,0,0,0,0,0,0,0,0,0,0,0,0,0
0,0,0, Heart / Lung,0,0,0,0,1,0,0,0,0,1,0,1,0,0,0,0,0,1,0,1,1,1,2,3,0,0,0,0,0,0,0,0,0,0,0,0,0,0,0,0,0,0,0,0,0,0,0,0,0,0,0,0
0,0,0, Intestine,1,0,6,1,1,0,1,1,4,3,1,1,5,1,1,1,0,2,0,1,0,0,0,0,0,0,0,0,0,0,0,0,0,0,0,0,0,0,0,0,0,0,0,0,0,0,0,0,0,0,0,0
0,0,0, All Donor Types,0,0,0,0,0,0,0,0,0,0,0,0,0,0,0,0,0,0,0,0,0,0,0,0,0,0,181,142,179,186,163,158,166,151,163,175,162,172,153,147,164,164,126,145,147,138,135,120,120,112,107,115
0,0,0, Deceased Donor,0,0,0,0,0,0,0,0,0,0,0,0,0,0,0,0,0,0,0,0,0,0,0,0,0,0,120,98,122,108,91,96,111,92,107,107,103,94,83,82,88,78,76,87,97,84,89,74,79,79,65,76
0,0,0, Living Donor,0,0,0,0,0,0,0,0,0,0,0,0,0,0,0,0,0,0,0,0,0,0,0,0,0,0,61,44,57,78,72,62,55,59,56,68,59,78,70,65,76,86,50,58,50,54,46,46,41,33,42,39
 Louisiana,30.984298,-91.962333, All Organs,444,443,475,446,431,412,453,438,378,466,352,400,468,464,443,397,387,359,336,344,329,360,351,288,269,229,0,0,0,0,0,0,0,0,0,0,0,0,0,0,0,0,0,0,0,0,0,0,0,0,0,0
0,0,0, Kidney,217,210,241,193,194,218,241,230,214,255,222,225,276,238,208,216,208,177,160,186,169,185,192,164,145,117,0,0,0,0,0,0,0,0,0,0,0,0,0,0,0,0,0,0,0,0,0,0,0,0,0,0
0,0,0, Liver,127,129,127,148,146,100,107,120,98,124,77,119,118,136,116,97,88,94,68,58,57,54,49,44,48,49,0,0,0,0,0,0,0,0,0,0,0,0,0,0,0,0,0,0,0,0,0,0,0,0,0,0
0,0,0, Pancreas,5,1,2,3,2,3,5,2,5,6,4,5,12,10,14,11,10,5,6,1,1,4,4,0,0,2,0,0,0,0,0,0,0,0,0,0,0,0,0,0,0,0,0,0,0,0,0,0,0,0,0,0
0,0,0, Kidney / Pancreas,25,30,24,30,26,15,26,22,17,21,16,11,27,25,26,18,22,18,20,16,19,31,18,7,3,8,0,0,0,0,0,0,0,0,0,0,0,0,0,0,0,0,0,0,0,0,0,0,0,0,0,0
0,0,0, Heart,39,36,40,43,33,38,42,37,28,37,25,28,26,35,57,39,42,44,62,58,62,71,77,64,67,51,0,0,0,0,0,0,0,0,0,0,0,0,0,0,0,0,0,0,0,0,0,0,0,0,0,0
0,0,0, Lung,27,35,37,29,24,36,28,24,14,19,8,6,9,18,18,13,17,21,17,23,19,14,9,9,6,2,0,0,0,0,0,0,0,0,0,0,0,0,0,0,0,0,0,0,0,0,0,0,0,0,0,0
0,0,0, Heart / Lung,1,1,2,0,2,2,1,1,0,0,0,2,0,0,0,0,0,0,0,1,0,0,1,0,0,0,0,0,0,0,0,0,0,0,0,0,0,0,0,0,0,0,0,0,0,0,0,0,0,0,0,0
0,0,0, Intestine,3,1,2,0,4,0,3,2,2,4,0,4,0,2,4,3,0,0,3,1,2,1,1,0,0,0,0,0,0,0,0,0,0,0,0,0,0,0,0,0,0,0,0,0,0,0,0,0,0,0,0,0
0,0,0, All Donor Types,0,0,0,0,0,0,0,0,0,0,0,0,0,0,0,0,0,0,0,0,0,0,0,0,0,0,253,232,226,221,221,210,229,218,223,237,198,222,259,193,169,181,167,144,142,150,149,141,148,131,129,113
0,0,0, Deceased Donor,0,0,0,0,0,0,0,0,0,0,0,0,0,0,0,0,0,0,0,0,0,0,0,0,0,0,186,178,161,151,167,145,166,156,162,155,132,162,160,113,111,110,97,89,81,86,87,97,96,90,94,74
0,0,0, Living Donor,0,0,0,0,0,0,0,0,0,0,0,0,0,0,0,0,0,0,0,0,0,0,0,0,0,0,67,54,65,70,54,65,63,62,61,82,66,60,99,80,58,71,70,55,61,64,62,44,52,41,35,39
 Maine,45.253783,-69.445469, All Organs,105,98,109,75,92,89,87,104,76,94,115,93,92,98,99,121,94,80,73,57,65,50,75,46,59,56,0,0,0,0,0,0,0,0,0,0,0,0,0,0,0,0,0,0,0,0,0,0,0,0,0,0
0,0,0, Kidney,48,55,73,52,52,51,49,70,47,62,73,59,59,57,68,86,70,57,57,38,43,32,50,33,33,39,0,0,0,0,0,0,0,0,0,0,0,0,0,0,0,0,0,0,0,0,0,0,0,0,0,0
0,0,0, Liver,34,21,22,14,24,20,19,18,14,14,19,20,13,20,19,21,11,11,7,9,10,12,16,4,15,8,0,0,0,0,0,0,0,0,0,0,0,0,0,0,0,0,0,0,0,0,0,0,0,0,0,0
0,0,0, Pancreas,1,1,2,0,2,2,1,2,1,3,5,2,8,5,1,2,0,0,0,0,0,0,0,0,0,1,0,0,0,0,0,0,0,0,0,0,0,0,0,0,0,0,0,0,0,0,0,0,0,0,0,0
0,0,0, Kidney / Pancreas,0,0,1,0,1,0,1,1,1,1,2,3,2,3,3,1,1,1,1,0,1,0,0,0,0,0,0,0,0,0,0,0,0,0,0,0,0,0,0,0,0,0,0,0,0,0,0,0,0,0,0,0
0,0,0, Heart,8,13,5,2,8,6,4,5,7,11,6,6,5,5,4,9,8,7,2,7,7,3,7,6,7,7,0,0,0,0,0,0,0,0,0,0,0,0,0,0,0,0,0,0,0,0,0,0,0,0,0,0
0,0,0, Lung,13,7,6,7,5,9,12,8,6,3,8,3,5,8,4,2,4,3,4,3,4,3,1,2,4,1,0,0,0,0,0,0,0,0,0,0,0,0,0,0,0,0,0,0,0,0,0,0,0,0,0,0
0,0,0, Heart / Lung,0,0,0,0,0,0,1,0,0,0,1,0,0,0,0,0,0,1,1,0,0,0,1,0,0,0,0,0,0,0,0,0,0,0,0,0,0,0,0,0,0,0,0,0,0,0,0,0,0,0,0,0
0,0,0, Intestine,1,1,0,0,0,1,0,0,0,0,1,0,0,0,0,0,0,0,1,0,0,0,0,1,0,0,0,0,0,0,0,0,0,0,0,0,0,0,0,0,0,0,0,0,0,0,0,0,0,0,0,0
0,0,0, All Donor Types,0,0,0,0,0,0,0,0,0,0,0,0,0,0,0,0,0,0,0,0,0,0,0,0,0,0,93,68,73,64,61,56,56,73,64,68,76,62,65,62,60,76,51,40,43,42,51,35,38,16,24,32
0,0,0, Deceased Donor,0,0,0,0,0,0,0,0,0,0,0,0,0,0,0,0,0,0,0,0,0,0,0,0,0,0,53,29,34,31,37,26,30,37,37,38,45,25,29,33,23,30,18,17,24,25,27,23,22,13,17,26
0,0,0, Living Donor,0,0,0,0,0,0,0,0,0,0,0,0,0,0,0,0,0,0,0,0,0,0,0,0,0,0,40,39,39,33,24,30,26,36,27,30,31,37,36,29,37,46,33,23,19,17,24,12,16,3,7,6
 Maryland,39.045755,-76.641271, All Organs,916,930,817,789,757,721,722,809,630,652,656,624,579,490,598,649,722,633,563,481,507,468,394,401,353,271,0,0,0,0,0,0,0,0,0,0,0,0,0,0,0,0,0,0,0,0,0,0,0,0,0,0
0,0,0, Kidney,482,543,494,491,486,473,458,540,384,416,414,395,368,328,391,453,515,459,361,291,281,273,249,252,228,173,0,0,0,0,0,0,0,0,0,0,0,0,0,0,0,0,0,0,0,0,0,0,0,0,0,0
0,0,0, Liver,273,240,203,186,167,141,141,140,133,109,118,129,115,92,104,108,100,74,94,81,93,70,64,66,58,37,0,0,0,0,0,0,0,0,0,0,0,0,0,0,0,0,0,0,0,0,0,0,0,0,0,0
0,0,0, Pancreas,4,7,6,11,1,12,3,10,4,10,7,10,15,15,19,19,28,31,21,28,21,9,14,8,5,1,0,0,0,0,0,0,0,0,0,0,0,0,0,0,0,0,0,0,0,0,0,0,0,0,0,0
0,0,0, Kidney / Pancreas,21,18,16,13,16,23,22,22,22,16,28,21,16,15,13,19,22,16,31,35,38,46,30,31,27,18,0,0,0,0,0,0,0,0,0,0,0,0,0,0,0,0,0,0,0,0,0,0,0,0,0,0
0,0,0, Heart,80,65,53,46,35,29,41,45,40,58,46,32,38,28,40,25,28,32,32,32,47,47,27,40,31,38,0,0,0,0,0,0,0,0,0,0,0,0,0,0,0,0,0,0,0,0,0,0,0,0,0,0
0,0,0, Lung,53,54,41,34,47,39,53,46,36,39,40,29,21,9,30,25,27,21,21,12,26,22,10,4,4,3,0,0,0,0,0,0,0,0,0,0,0,0,0,0,0,0,0,0,0,0,0,0,0,0,0,0
0,0,0, Heart / Lung,0,1,0,0,0,0,1,0,2,0,1,2,0,1,0,0,2,0,0,1,1,0,0,0,0,0,0,0,0,0,0,0,0,0,0,0,0,0,0,0,0,0,0,0,0,0,0,0,0,0,0,0
0,0,0, Intestine,3,2,4,8,5,4,3,6,9,4,2,6,6,2,1,0,0,0,3,1,0,1,0,0,0,1,0,0,0,0,0,0,0,0,0,0,0,0,0,0,0,0,0,0,0,0,0,0,0,0,0,0
0,0,0, All Donor Types,0,0,0,0,0,0,0,0,0,0,0,0,0,0,0,0,0,0,0,0,0,0,0,0,0,0,411,372,367,360,340,324,337,351,319,302,339,311,304,297,294,303,332,326,278,223,197,203,170,170,167,129
0,0,0, Deceased Donor,0,0,0,0,0,0,0,0,0,0,0,0,0,0,0,0,0,0,0,0,0,0,0,0,0,0,260,224,205,201,200,183,166,173,174,157,179,166,141,119,114,115,114,113,96,86,89,105,91,88,94,78
0,0,0, Living Donor,0,0,0,0,0,0,0,0,0,0,0,0,0,0,0,0,0,0,0,0,0,0,0,0,0,0,151,148,162,159,140,141,171,178,145,145,160,145,163,178,180,188,218,213,182,137,108,98,79,82,73,51
 Massachusetts,42.407211,-71.382437, All Organs,761,640,628,616,533,582,619,613,554,590,606,577,561,522,478,517,477,435,435,427,395,380,365,348,306,328,0,0,0,0,0,0,0,0,0,0,0,0,0,0,0,0,0,0,0,0,0,0,0,0,0,0
0,0,0, Kidney,417,383,376,369,326,335,385,386,343,392,390,379,360,340,313,345,291,283,278,297,255,235,243,221,182,187,0,0,0,0,0,0,0,0,0,0,0,0,0,0,0,0,0,0,0,0,0,0,0,0,0,0
0,0,0, Liver,197,166,152,163,139,173,169,140,118,110,127,124,112,128,102,113,120,82,93,66,78,70,59,59,58,82,0,0,0,0,0,0,0,0,0,0,0,0,0,0,0,0,0,0,0,0,0,0,0,0,0,0
0,0,0, Pancreas,5,3,7,3,6,9,6,11,11,12,23,23,25,13,9,8,21,3,2,1,2,0,1,1,0,0,0,0,0,0,0,0,0,0,0,0,0,0,0,0,0,0,0,0,0,0,0,0,0,0,0,0
0,0,0, Kidney / Pancreas,10,7,9,9,6,7,4,4,4,4,7,9,6,3,3,3,4,10,11,4,6,7,7,8,2,1,0,0,0,0,0,0,0,0,0,0,0,0,0,0,0,0,0,0,0,0,0,0,0,0,0,0
0,0,0, Heart,68,52,38,41,29,31,26,38,50,37,33,20,29,25,27,36,26,37,38,43,33,39,32,42,46,38,0,0,0,0,0,0,0,0,0,0,0,0,0,0,0,0,0,0,0,0,0,0,0,0,0,0
0,0,0, Lung,61,29,43,29,27,26,29,32,26,31,19,22,26,10,22,10,13,18,13,16,21,27,22,16,16,19,0,0,0,0,0,0,0,0,0,0,0,0,0,0,0,0,0,0,0,0,0,0,0,0,0,0
0,0,0, Heart / Lung,0,0,1,0,0,1,0,1,1,0,0,0,0,0,0,1,0,0,0,0,0,1,1,1,2,1,0,0,0,0,0,0,0,0,0,0,0,0,0,0,0,0,0,0,0,0,0,0,0,0,0,0
0,0,0, Intestine,3,0,2,2,0,0,0,1,1,4,7,0,3,3,2,1,2,2,0,0,0,1,0,0,0,0,0,0,0,0,0,0,0,0,0,0,0,0,0,0,0,0,0,0,0,0,0,0,0,0,0,0
0,0,0, All Donor Types,0,0,0,0,0,0,0,0,0,0,0,0,0,0,0,0,0,0,0,0,0,0,0,0,0,0,306,316,290,277,278,254,309,306,265,282,265,285,292,266,277,319,265,238,216,201,206,204,174,160,138,149
0,0,0, Deceased Donor,0,0,0,0,0,0,0,0,0,0,0,0,0,0,0,0,0,0,0,0,0,0,0,0,0,0,177,163,160,135,124,128,122,124,92,114,93,110,104,104,109,137,99,105,93,96,100,87,88,86,82,85
0,0,0, Living Donor,0,0,0,0,0,0,0,0,0,0,0,0,0,0,0,0,0,0,0,0,0,0,0,0,0,0,129,153,130,142,154,126,187,182,173,168,172,175,188,162,168,182,166,133,123,105,106,117,86,74,56,64
 Michigan,44.314844,-85.602364, All Organs,1094,1018,953,1006,956,913,951,1059,1043,1016,1070,1037,1063,919,890,889,835,752,789,703,709,711,648,613,541,491,0,0,0,0,0,0,0,0,0,0,0,0,0,0,0,0,0,0,0,0,0,0,0,0,0,0
0,0,0, Kidney,670,624,605,637,606,582,580,659,649,659,665,643,658,606,593,552,539,493,484,464,437,443,401,388,359,320,0,0,0,0,0,0,0,0,0,0,0,0,0,0,0,0,0,0,0,0,0,0,0,0,0,0
0,0,0, Liver,217,187,188,185,193,192,213,208,228,209,217,225,227,168,158,157,127,115,131,98,118,121,118,93,92,91,0,0,0,0,0,0,0,0,0,0,0,0,0,0,0,0,0,0,0,0,0,0,0,0,0,0
0,0,0, Pancreas,7,5,4,11,10,9,7,10,19,21,28,34,25,20,16,18,24,17,13,10,11,10,6,14,6,6,0,0,0,0,0,0,0,0,0,0,0,0,0,0,0,0,0,0,0,0,0,0,0,0,0,0
0,0,0, Kidney / Pancreas,14,15,12,19,27,17,24,33,25,19,39,24,37,25,27,25,12,16,27,24,34,37,48,42,20,8,0,0,0,0,0,0,0,0,0,0,0,0,0,0,0,0,0,0,0,0,0,0,0,0,0,0
0,0,0, Heart,90,84,70,63,61,62,60,75,64,58,71,64,60,60,56,77,80,69,88,61,65,57,53,54,41,37,0,0,0,0,0,0,0,0,0,0,0,0,0,0,0,0,0,0,0,0,0,0,0,0,0,0
0,0,0, Lung,86,100,69,80,52,48,62,69,52,45,49,39,44,31,38,54,52,40,41,42,39,37,18,21,19,25,0,0,0,0,0,0,0,0,0,0,0,0,0,0,0,0,0,0,0,0,0,0,0,0,0,0
0,0,0, Heart / Lung,0,1,0,2,2,0,0,2,1,1,1,1,4,2,1,0,0,1,2,1,1,1,3,1,3,3,0,0,0,0,0,0,0,0,0,0,0,0,0,0,0,0,0,0,0,0,0,0,0,0,0,0
0,0,0, Intestine,10,2,5,9,5,3,5,3,5,4,0,7,8,7,1,6,1,1,3,3,4,5,1,0,1,1,0,0,0,0,0,0,0,0,0,0,0,0,0,0,0,0,0,0,0,0,0,0,0,0,0,0
0,0,0, All Donor Types,0,0,0,0,0,0,0,0,0,0,0,0,0,0,0,0,0,0,0,0,0,0,0,0,0,0,526,491,449,519,504,479,512,544,567,572,564,608,612,541,520,474,466,409,409,404,357,345,330,311,273,309
0,0,0, Deceased Donor,0,0,0,0,0,0,0,0,0,0,0,0,0,0,0,0,0,0,0,0,0,0,0,0,0,0,312,293,260,298,276,278,294,303,329,312,290,291,293,223,239,219,198,196,214,183,156,185,192,171,168,182
0,0,0, Living Donor,0,0,0,0,0,0,0,0,0,0,0,0,0,0,0,0,0,0,0,0,0,0,0,0,0,0,214,198,189,221,228,201,218,241,238,260,274,317,319,318,281,255,268,213,195,221,201,160,138,140,105,127
 Minnesota,46.729553,-94.6859, All Organs,619,586,526,470,493,524,531,516,552,565,628,602,587,574,558,557,541,474,432,425,413,382,363,366,287,256,0,0,0,0,0,0,0,0,0,0,0,0,0,0,0,0,0,0,0,0,0,0,0,0,0,0
0,0,0, Kidney,355,334,302,268,297,306,335,323,335,347,420,362,370,358,327,335,321,274,252,257,270,247,225,242,175,175,0,0,0,0,0,0,0,0,0,0,0,0,0,0,0,0,0,0,0,0,0,0,0,0,0,0
0,0,0, Liver,124,121,114,97,97,125,100,95,114,99,101,108,89,83,85,77,106,67,64,62,50,57,54,36,33,32,0,0,0,0,0,0,0,0,0,0,0,0,0,0,0,0,0,0,0,0,0,0,0,0,0,0
0,0,0, Pancreas,9,12,11,13,12,6,10,22,24,28,29,34,56,45,60,68,46,49,32,27,9,9,7,6,4,3,0,0,0,0,0,0,0,0,0,0,0,0,0,0,0,0,0,0,0,0,0,0,0,0,0,0
0,0,0, Kidney / Pancreas,25,23,13,14,13,17,12,17,15,14,17,13,12,12,15,24,15,28,23,25,25,18,23,20,14,14,0,0,0,0,0,0,0,0,0,0,0,0,0,0,0,0,0,0,0,0,0,0,0,0,0,0
0,0,0, Heart,59,51,39,38,45,38,46,41,38,44,27,39,44,42,42,25,31,28,42,27,42,34,34,38,40,23,0,0,0,0,0,0,0,0,0,0,0,0,0,0,0,0,0,0,0,0,0,0,0,0,0,0
0,0,0, Lung,46,45,44,40,28,30,26,18,24,28,34,42,16,33,26,27,19,25,16,22,11,17,18,23,21,9,0,0,0,0,0,0,0,0,0,0,0,0,0,0,0,0,0,0,0,0,0,0,0,0,0,0
0,0,0, Heart / Lung,0,0,1,0,0,1,0,0,1,0,0,1,0,0,3,0,1,0,2,3,3,0,1,1,0,0,0,0,0,0,0,0,0,0,0,0,0,0,0,0,0,0,0,0,0,0,0,0,0,0,0,0
0,0,0, Intestine,1,0,2,0,1,1,2,0,1,5,0,3,0,1,0,1,2,3,1,2,3,0,1,0,0,0,0,0,0,0,0,0,0,0,0,0,0,0,0,0,0,0,0,0,0,0,0,0,0,0,0,0
0,0,0, All Donor Types,0,0,0,0,0,0,0,0,0,0,0,0,0,0,0,0,0,0,0,0,0,0,0,0,0,0,318,267,275,252,261,297,307,341,330,323,364,377,331,326,304,333,274,274,261,231,233,218,209,203,180,164
0,0,0, Deceased Donor,0,0,0,0,0,0,0,0,0,0,0,0,0,0,0,0,0,0,0,0,0,0,0,0,0,0,138,110,110,97,96,104,108,128,115,101,122,134,104,107,106,100,100,106,125,104,101,98,99,79,103,81
0,0,0, Living Donor,0,0,0,0,0,0,0,0,0,0,0,0,0,0,0,0,0,0,0,0,0,0,0,0,0,0,180,157,165,155,165,193,199,213,215,222,242,243,227,219,198,233,174,168,136,127,132,120,110,124,77,83
 Mississippi,32.354668,-89.398528, All Organs,347,282,295,272,287,277,276,273,288,323,222,225,234,232,206,211,189,205,213,165,174,182,180,159,100,113,0,0,0,0,0,0,0,0,0,0,0,0,0,0,0,0,0,0,0,0,0,0,0,0,0,0
0,0,0, Kidney,194,143,150,151,174,149,144,165,200,216,120,146,143,140,126,134,92,115,125,92,114,119,102,93,62,80,0,0,0,0,0,0,0,0,0,0,0,0,0,0,0,0,0,0,0,0,0,0,0,0,0,0
0,0,0, Liver,103,87,93,85,75,70,87,69,53,68,59,46,51,46,40,43,39,44,38,29,24,26,27,27,14,15,0,0,0,0,0,0,0,0,0,0,0,0,0,0,0,0,0,0,0,0,0,0,0,0,0,0
0,0,0, Pancreas,1,1,3,5,0,0,1,2,2,5,3,4,2,2,2,0,3,1,6,3,2,3,2,3,4,0,0,0,0,0,0,0,0,0,0,0,0,0,0,0,0,0,0,0,0,0,0,0,0,0,0,0
0,0,0, Kidney / Pancreas,8,11,11,5,9,12,7,7,6,3,9,8,10,8,9,4,10,5,4,5,1,1,2,6,1,2,0,0,0,0,0,0,0,0,0,0,0,0,0,0,0,0,0,0,0,0,0,0,0,0,0,0
0,0,0, Heart,27,23,20,14,20,28,17,16,21,20,18,18,16,25,24,23,34,35,31,25,25,26,38,25,13,15,0,0,0,0,0,0,0,0,0,0,0,0,0,0,0,0,0,0,0,0,0,0,0,0,0,0
0,0,0, Lung,13,16,16,9,9,18,19,10,6,9,13,3,8,10,5,7,10,5,8,10,7,5,6,3,6,1,0,0,0,0,0,0,0,0,0,0,0,0,0,0,0,0,0,0,0,0,0,0,0,0,0,0
0,0,0, Heart / Lung,1,0,0,1,0,0,0,0,0,0,0,0,2,1,0,0,1,0,0,1,0,1,2,2,0,0,0,0,0,0,0,0,0,0,0,0,0,0,0,0,0,0,0,0,0,0,0,0,0,0,0,0
0,0,0, Intestine,0,1,2,2,0,0,1,4,0,2,0,0,2,0,0,0,0,0,1,0,1,1,1,0,0,0,0,0,0,0,0,0,0,0,0,0,0,0,0,0,0,0,0,0,0,0,0,0,0,0,0,0
0,0,0, All Donor Types,0,0,0,0,0,0,0,0,0,0,0,0,0,0,0,0,0,0,0,0,0,0,0,0,0,0,131,116,112,111,123,118,122,125,124,119,121,138,110,115,131,94,95,95,99,79,73,60,66,62,40,43
0,0,0, Deceased Donor,0,0,0,0,0,0,0,0,0,0,0,0,0,0,0,0,0,0,0,0,0,0,0,0,0,0,98,83,74,87,90,87,86,91,92,81,74,93,64,69,75,58,64,57,61,46,44,41,38,36,24,29
0,0,0, Living Donor,0,0,0,0,0,0,0,0,0,0,0,0,0,0,0,0,0,0,0,0,0,0,0,0,0,0,33,33,38,24,33,31,36,34,32,38,47,45,46,46,56,36,31,38,38,33,29,19,28,26,16,14
 Missouri,37.964253,-91.831833, All Organs,644,562,599,600,537,568,564,604,545,599,609,521,456,389,400,398,468,456,446,395,365,402,429,382,300,280,0,0,0,0,0,0,0,0,0,0,0,0,0,0,0,0,0,0,0,0,0,0,0,0,0,0
0,0,0, Kidney,398,321,338,317,300,318,311,352,317,357,364,318,281,221,213,226,267,270,260,233,208,235,253,208,151,146,0,0,0,0,0,0,0,0,0,0,0,0,0,0,0,0,0,0,0,0,0,0,0,0,0,0
0,0,0, Liver,124,130,133,157,122,138,153,134,129,142,144,116,97,91,96,75,91,93,91,79,77,81,94,79,60,59,0,0,0,0,0,0,0,0,0,0,0,0,0,0,0,0,0,0,0,0,0,0,0,0,0,0
0,0,0, Pancreas,1,4,8,3,0,4,5,6,3,5,10,4,5,5,4,5,8,7,2,0,1,1,0,1,0,2,0,0,0,0,0,0,0,0,0,0,0,0,0,0,0,0,0,0,0,0,0,0,0,0,0,0
0,0,0, Kidney / Pancreas,15,18,16,16,24,20,16,24,11,15,15,16,8,8,22,19,26,17,10,9,6,16,6,9,7,8,0,0,0,0,0,0,0,0,0,0,0,0,0,0,0,0,0,0,0,0,0,0,0,0,0,0
0,0,0, Heart,56,48,61,73,55,48,49,50,57,48,53,39,33,38,37,45,45,44,50,50,55,50,61,66,59,54,0,0,0,0,0,0,0,0,0,0,0,0,0,0,0,0,0,0,0,0,0,0,0,0,0,0
0,0,0, Lung,49,37,38,34,35,36,26,33,25,29,22,24,31,25,26,27,23,22,30,23,17,18,13,17,23,9,0,0,0,0,0,0,0,0,0,0,0,0,0,0,0,0,0,0,0,0,0,0,0,0,0,0
0,0,0, Heart / Lung,0,0,0,0,1,2,2,0,0,2,0,1,0,0,1,1,1,2,1,1,1,1,1,1,0,2,0,0,0,0,0,0,0,0,0,0,0,0,0,0,0,0,0,0,0,0,0,0,0,0,0,0
0,0,0, Intestine,1,4,5,0,0,2,2,5,3,1,1,3,1,1,1,0,7,1,2,0,0,0,1,1,0,0,0,0,0,0,0,0,0,0,0,0,0,0,0,0,0,0,0,0,0,0,0,0,0,0,0,0
0,0,0, All Donor Types,0,0,0,0,0,0,0,0,0,0,0,0,0,0,0,0,0,0,0,0,0,0,0,0,0,0,331,307,311,285,269,278,292,316,280,322,312,308,255,242,202,235,221,198,225,204,173,194,186,165,138,160
0,0,0, Deceased Donor,0,0,0,0,0,0,0,0,0,0,0,0,0,0,0,0,0,0,0,0,0,0,0,0,0,0,235,239,228,218,206,219,205,228,200,212,211,192,160,139,120,140,129,111,146,121,108,122,124,107,91,104
0,0,0, Living Donor,0,0,0,0,0,0,0,0,0,0,0,0,0,0,0,0,0,0,0,0,0,0,0,0,0,0,96,68,83,67,63,59,87,88,80,110,101,116,95,103,82,95,92,87,79,83,65,72,62,58,47,56
 Montana,46.879682,-110.362566, All Organs,51,77,60,78,67,73,73,66,54,65,67,74,67,65,60,63,78,53,55,45,58,59,65,54,44,44,0,0,0,0,0,0,0,0,0,0,0,0,0,0,0,0,0,0,0,0,0,0,0,0,0,0
0,0,0, Kidney,27,41,35,42,41,44,43,46,37,42,39,50,47,47,45,47,56,39,39,35,45,41,47,34,27,26,0,0,0,0,0,0,0,0,0,0,0,0,0,0,0,0,0,0,0,0,0,0,0,0,0,0
0,0,0, Liver,8,19,14,16,14,13,14,7,8,13,11,7,11,7,4,4,7,8,4,3,4,6,7,6,9,7,0,0,0,0,0,0,0,0,0,0,0,0,0,0,0,0,0,0,0,0,0,0,0,0,0,0
0,0,0, Pancreas,0,0,0,0,2,1,4,2,1,1,6,3,0,1,3,2,2,2,4,2,1,0,0,0,1,0,0,0,0,0,0,0,0,0,0,0,0,0,0,0,0,0,0,0,0,0,0,0,0,0,0,0
0,0,0, Kidney / Pancreas,3,7,3,3,5,5,2,3,4,3,3,2,4,3,1,2,5,1,2,2,4,4,3,3,2,2,0,0,0,0,0,0,0,0,0,0,0,0,0,0,0,0,0,0,0,0,0,0,0,0,0,0
0,0,0, Heart,8,4,4,10,2,2,6,5,2,3,7,9,3,5,5,3,6,0,6,1,2,7,5,8,3,7,0,0,0,0,0,0,0,0,0,0,0,0,0,0,0,0,0,0,0,0,0,0,0,0,0,0
0,0,0, Lung,5,6,4,7,3,6,3,3,2,3,1,3,2,2,2,5,2,3,0,2,1,1,2,3,0,2,0,0,0,0,0,0,0,0,0,0,0,0,0,0,0,0,0,0,0,0,0,0,0,0,0,0
0,0,0, Heart / Lung,0,0,0,0,0,1,0,0,0,0,0,0,0,0,0,0,0,0,0,0,1,0,1,0,2,0,0,0,0,0,0,0,0,0,0,0,0,0,0,0,0,0,0,0,0,0,0,0,0,0,0,0
0,0,0, Intestine,0,0,0,0,0,1,1,0,0,0,0,0,0,0,0,0,0,0,0,0,0,0,0,0,0,0,0,0,0,0,0,0,0,0,0,0,0,0,0,0,0,0,0,0,0,0,0,0,0,0,0,0
0,0,0, All Donor Types,0,0,0,0,0,0,0,0,0,0,0,0,0,0,0,0,0,0,0,0,0,0,0,0,0,0,43,39,45,49,35,52,46,37,35,45,49,46,50,43,47,46,43,50,39,22,30,36,35,21,29,29
0,0,0, Deceased Donor,0,0,0,0,0,0,0,0,0,0,0,0,0,0,0,0,0,0,0,0,0,0,0,0,0,0,28,22,30,27,15,27,23,16,18,25,25,23,30,25,24,19,23,26,18,9,16,19,17,10,19,21
0,0,0, Living Donor,0,0,0,0,0,0,0,0,0,0,0,0,0,0,0,0,0,0,0,0,0,0,0,0,0,0,15,17,15,22,20,25,23,21,17,20,24,23,20,18,23,27,20,24,21,13,14,17,18,11,10,8
 Nebraska,41.492537,-99.901813, All Organs,185,226,218,238,215,185,189,175,155,201,205,177,166,156,140,128,147,114,118,120,134,111,128,145,122,118,0,0,0,0,0,0,0,0,0,0,0,0,0,0,0,0,0,0,0,0,0,0,0,0,0,0
0,0,0, Kidney,97,123,117,136,129,108,111,106,88,110,125,101,102,110,87,76,75,64,62,62,75,57,52,68,52,51,0,0,0,0,0,0,0,0,0,0,0,0,0,0,0,0,0,0,0,0,0,0,0,0,0,0
0,0,0, Liver,36,54,48,53,45,39,35,40,36,36,48,40,41,24,27,30,42,28,26,28,15,19,26,27,24,16,0,0,0,0,0,0,0,0,0,0,0,0,0,0,0,0,0,0,0,0,0,0,0,0,0,0
0,0,0, Pancreas,2,4,7,7,5,1,9,3,6,15,4,2,7,3,6,6,4,6,5,2,5,4,7,13,6,13,0,0,0,0,0,0,0,0,0,0,0,0,0,0,0,0,0,0,0,0,0,0,0,0,0,0
0,0,0, Kidney / Pancreas,2,2,4,9,6,9,3,10,7,11,5,5,3,6,7,6,9,7,10,9,12,9,16,11,19,21,0,0,0,0,0,0,0,0,0,0,0,0,0,0,0,0,0,0,0,0,0,0,0,0,0,0
0,0,0, Heart,31,27,33,22,21,17,17,11,13,16,14,12,3,6,7,7,9,6,10,9,17,16,20,19,16,14,0,0,0,0,0,0,0,0,0,0,0,0,0,0,0,0,0,0,0,0,0,0,0,0,0,0
0,0,0, Lung,14,11,7,8,7,10,10,5,4,7,6,9,8,6,4,3,8,3,4,8,10,3,6,7,5,3,0,0,0,0,0,0,0,0,0,0,0,0,0,0,0,0,0,0,0,0,0,0,0,0,0,0
0,0,0, Heart / Lung,0,1,0,0,0,0,1,0,0,0,0,1,0,0,1,0,0,0,0,0,0,1,1,0,0,0,0,0,0,0,0,0,0,0,0,0,0,0,0,0,0,0,0,0,0,0,0,0,0,0,0,0
0,0,0, Intestine,3,4,2,3,2,1,3,0,1,6,3,7,2,1,1,0,0,0,1,2,0,2,0,0,0,0,0,0,0,0,0,0,0,0,0,0,0,0,0,0,0,0,0,0,0,0,0,0,0,0,0,0
0,0,0, All Donor Types,0,0,0,0,0,0,0,0,0,0,0,0,0,0,0,0,0,0,0,0,0,0,0,0,0,0,85,106,97,101,86,69,90,83,81,94,107,95,88,89,70,62,71,59,46,44,53,63,52,44,46,48
0,0,0, Deceased Donor,0,0,0,0,0,0,0,0,0,0,0,0,0,0,0,0,0,0,0,0,0,0,0,0,0,0,55,68,61,64,42,32,48,40,35,44,53,38,39,38,28,32,33,28,29,22,30,33,35,24,36,41
0,0,0, Living Donor,0,0,0,0,0,0,0,0,0,0,0,0,0,0,0,0,0,0,0,0,0,0,0,0,0,0,30,38,36,37,44,37,42,43,46,50,54,57,49,51,42,30,38,31,17,22,23,30,17,20,10,7
 Nevada,38.80261,-116.419389, All Organs,214,201,179,191,187,183,149,139,137,171,174,151,146,136,142,151,145,127,132,121,84,84,90,97,92,79,0,0,0,0,0,0,0,0,0,0,0,0,0,0,0,0,0,0,0,0,0,0,0,0,0,0
0,0,0, Kidney,136,139,115,122,125,115,99,81,84,110,112,92,102,97,88,107,92,73,79,70,55,52,56,67,60,49,0,0,0,0,0,0,0,0,0,0,0,0,0,0,0,0,0,0,0,0,0,0,0,0,0,0
0,0,0, Liver,43,39,40,38,32,33,25,36,23,26,36,26,23,21,23,25,24,29,31,27,18,20,16,16,19,17,0,0,0,0,0,0,0,0,0,0,0,0,0,0,0,0,0,0,0,0,0,0,0,0,0,0
0,0,0, Pancreas,2,0,0,0,0,1,0,0,0,2,1,0,2,1,1,2,2,2,1,0,0,1,0,0,1,0,0,0,0,0,0,0,0,0,0,0,0,0,0,0,0,0,0,0,0,0,0,0,0,0,0,0
0,0,0, Kidney / Pancreas,2,6,6,3,5,8,7,4,7,6,3,6,4,2,6,6,5,5,5,6,4,1,5,5,1,2,0,0,0,0,0,0,0,0,0,0,0,0,0,0,0,0,0,0,0,0,0,0,0,0,0,0
0,0,0, Heart,15,9,13,16,13,9,11,14,12,14,11,13,6,7,14,4,12,14,13,13,4,7,9,7,10,11,0,0,0,0,0,0,0,0,0,0,0,0,0,0,0,0,0,0,0,0,0,0,0,0,0,0
0,0,0, Lung,16,7,5,12,11,16,7,4,11,11,11,14,9,8,9,7,10,3,2,4,3,3,4,2,1,0,0,0,0,0,0,0,0,0,0,0,0,0,0,0,0,0,0,0,0,0,0,0,0,0,0,0
0,0,0, Heart / Lung,0,0,0,0,0,0,0,0,0,2,0,0,0,0,0,0,0,1,1,1,0,0,0,0,0,0,0,0,0,0,0,0,0,0,0,0,0,0,0,0,0,0,0,0,0,0,0,0,0,0,0,0
0,0,0, Intestine,0,1,0,0,1,1,0,0,0,0,0,0,0,0,1,0,0,0,0,0,0,0,0,0,0,0,0,0,0,0,0,0,0,0,0,0,0,0,0,0,0,0,0,0,0,0,0,0,0,0,0,0
0,0,0, All Donor Types,0,0,0,0,0,0,0,0,0,0,0,0,0,0,0,0,0,0,0,0,0,0,0,0,0,0,152,149,142,137,128,105,87,73,112,108,121,100,98,94,84,89,90,64,63,57,58,46,45,45,38,52
0,0,0, Deceased Donor,0,0,0,0,0,0,0,0,0,0,0,0,0,0,0,0,0,0,0,0,0,0,0,0,0,0,124,122,111,106,84,65,52,44,67,71,68,62,53,47,44,36,36,32,33,33,32,28,30,32,20,40
0,0,0, Living Donor,0,0,0,0,0,0,0,0,0,0,0,0,0,0,0,0,0,0,0,0,0,0,0,0,0,0,28,27,31,31,44,40,35,29,45,37,53,38,45,47,40,53,54,32,30,24,26,18,15,13,18,12
 New Hampshire,43.193852,-71.572395, All Organs,123,107,95,89,92,101,98,110,94,112,113,109,102,94,79,81,72,51,69,60,57,56,43,58,49,40,0,0,0,0,0,0,0,0,0,0,0,0,0,0,0,0,0,0,0,0,0,0,0,0,0,0
0,0,0, Kidney,51,57,52,54,55,67,58,64,57,76,80,62,69,69,52,51,41,32,49,41,34,34,29,38,30,28,0,0,0,0,0,0,0,0,0,0,0,0,0,0,0,0,0,0,0,0,0,0,0,0,0,0
0,0,0, Liver,43,26,14,19,21,15,17,18,19,20,17,24,14,20,8,16,19,10,12,13,9,9,11,8,11,6,0,0,0,0,0,0,0,0,0,0,0,0,0,0,0,0,0,0,0,0,0,0,0,0,0,0
0,0,0, Pancreas,1,3,2,2,2,4,6,6,7,8,4,5,5,1,5,2,0,1,0,0,1,0,0,0,0,0,0,0,0,0,0,0,0,0,0,0,0,0,0,0,0,0,0,0,0,0,0,0,0,0,0,0
0,0,0, Kidney / Pancreas,1,0,3,6,2,6,2,3,3,2,2,1,0,0,0,1,0,0,1,0,2,0,0,0,2,0,0,0,0,0,0,0,0,0,0,0,0,0,0,0,0,0,0,0,0,0,0,0,0,0,0,0
0,0,0, Heart,14,14,14,5,4,6,7,9,4,2,8,13,9,2,12,8,4,5,6,5,7,7,2,7,5,5,0,0,0,0,0,0,0,0,0,0,0,0,0,0,0,0,0,0,0,0,0,0,0,0,0,0
0,0,0, Lung,12,5,10,3,7,3,7,8,3,4,2,4,4,2,2,3,7,2,1,1,4,6,1,5,1,1,0,0,0,0,0,0,0,0,0,0,0,0,0,0,0,0,0,0,0,0,0,0,0,0,0,0
0,0,0, Heart / Lung,0,0,0,0,0,0,0,0,0,0,0,0,1,0,0,0,0,1,0,0,0,0,0,0,0,0,0,0,0,0,0,0,0,0,0,0,0,0,0,0,0,0,0,0,0,0,0,0,0,0,0,0
0,0,0, Intestine,1,2,0,0,1,0,1,2,1,0,0,0,0,0,0,0,1,0,0,0,0,0,0,0,0,0,0,0,0,0,0,0,0,0,0,0,0,0,0,0,0,0,0,0,0,0,0,0,0,0,0,0
0,0,0, All Donor Types,0,0,0,0,0,0,0,0,0,0,0,0,0,0,0,0,0,0,0,0,0,0,0,0,0,0,58,70,78,70,59,55,58,57,55,79,75,56,69,53,45,59,61,37,54,49,31,33,35,30,32,21
0,0,0, Deceased Donor,0,0,0,0,0,0,0,0,0,0,0,0,0,0,0,0,0,0,0,0,0,0,0,0,0,0,34,34,44,33,25,29,22,17,21,25,33,24,20,16,17,22,26,21,31,26,19,19,19,20,19,13
0,0,0, Living Donor,0,0,0,0,0,0,0,0,0,0,0,0,0,0,0,0,0,0,0,0,0,0,0,0,0,0,24,36,34,37,34,26,36,40,34,54,42,32,49,37,28,37,35,16,23,23,12,14,16,10,13,8
 New Jersey,40.058324,-74.405661, All Organs,1001,969,827,886,902,963,950,965,957,953,922,948,919,807,816,841,782,805,689,693,639,586,549,495,406,391,0,0,0,0,0,0,0,0,0,0,0,0,0,0,0,0,0,0,0,0,0,0,0,0,0,0
0,0,0, Kidney,600,599,509,536,560,596,600,609,616,609,567,563,561,457,468,499,477,459,372,383,342,306,310,273,208,190,0,0,0,0,0,0,0,0,0,0,0,0,0,0,0,0,0,0,0,0,0,0,0,0,0,0
0,0,0, Liver,185,179,163,163,161,173,164,184,170,185,185,208,195,189,188,171,154,185,175,153,131,111,112,115,85,103,0,0,0,0,0,0,0,0,0,0,0,0,0,0,0,0,0,0,0,0,0,0,0,0,0,0
0,0,0, Pancreas,3,3,5,6,10,12,4,11,9,10,7,12,30,24,22,11,11,12,5,10,4,1,1,1,1,1,0,0,0,0,0,0,0,0,0,0,0,0,0,0,0,0,0,0,0,0,0,0,0,0,0,0
0,0,0, Kidney / Pancreas,19,15,15,25,18,17,25,18,26,25,27,24,14,22,13,24,27,25,26,30,29,33,8,11,12,10,0,0,0,0,0,0,0,0,0,0,0,0,0,0,0,0,0,0,0,0,0,0,0,0,0,0
0,0,0, Heart,89,93,91,115,111,112,104,88,87,75,93,94,85,91,97,103,93,102,91,97,99,100,92,65,79,72,0,0,0,0,0,0,0,0,0,0,0,0,0,0,0,0,0,0,0,0,0,0,0,0,0,0
0,0,0, Lung,103,79,41,39,38,52,50,48,43,44,37,43,30,23,26,25,17,14,18,15,28,32,21,27,17,10,0,0,0,0,0,0,0,0,0,0,0,0,0,0,0,0,0,0,0,0,0,0,0,0,0,0
0,0,0, Heart / Lung,0,1,0,1,1,0,1,1,1,0,3,1,1,0,1,1,1,1,1,3,4,3,3,1,1,2,0,0,0,0,0,0,0,0,0,0,0,0,0,0,0,0,0,0,0,0,0,0,0,0,0,0
0,0,0, Intestine,2,0,3,1,3,1,2,6,5,5,3,3,3,1,1,7,2,7,1,2,2,0,2,2,3,3,0,0,0,0,0,0,0,0,0,0,0,0,0,0,0,0,0,0,0,0,0,0,0,0,0,0
0,0,0, All Donor Types,0,0,0,0,0,0,0,0,0,0,0,0,0,0,0,0,0,0,0,0,0,0,0,0,0,0,503,448,358,409,413,449,437,474,423,427,420,473,418,405,410,404,391,346,256,269,248,214,194,174,156,160
0,0,0, Deceased Donor,0,0,0,0,0,0,0,0,0,0,0,0,0,0,0,0,0,0,0,0,0,0,0,0,0,0,270,211,155,190,182,208,197,240,225,195,217,219,203,172,170,170,188,170,126,147,159,140,126,123,113,97
0,0,0, Living Donor,0,0,0,0,0,0,0,0,0,0,0,0,0,0,0,0,0,0,0,0,0,0,0,0,0,0,233,237,203,219,231,241,240,234,198,232,203,254,215,233,240,234,203,176,130,122,89,74,68,51,43,63
 New Mexico,34.51994,-105.87009, All Organs,217,196,187,175,136,167,157,178,182,148,185,170,133,118,119,113,106,105,115,83,124,130,114,102,88,105,0,0,0,0,0,0,0,0,0,0,0,0,0,0,0,0,0,0,0,0,0,0,0,0,0,0
0,0,0, Kidney,127,102,112,104,74,96,106,125,123,100,121,104,84,75,71,68,79,70,68,55,89,83,68,57,50,61,0,0,0,0,0,0,0,0,0,0,0,0,0,0,0,0,0,0,0,0,0,0,0,0,0,0
0,0,0, Liver,55,55,33,43,34,48,33,31,34,31,43,45,33,22,27,26,11,19,34,20,18,27,29,27,22,25,0,0,0,0,0,0,0,0,0,0,0,0,0,0,0,0,0,0,0,0,0,0,0,0,0,0
0,0,0, Pancreas,2,2,4,1,2,2,1,3,3,1,1,4,3,6,2,4,1,1,0,0,1,0,0,0,1,0,0,0,0,0,0,0,0,0,0,0,0,0,0,0,0,0,0,0,0,0,0,0,0,0,0,0
0,0,0, Kidney / Pancreas,5,3,5,7,1,8,3,3,3,3,1,6,2,4,3,1,4,4,1,1,1,3,1,0,0,0,0,0,0,0,0,0,0,0,0,0,0,0,0,0,0,0,0,0,0,0,0,0,0,0,0,0
0,0,0, Heart,8,11,12,7,14,6,5,9,15,9,12,6,4,8,10,6,9,8,11,4,11,14,14,18,13,18,0,0,0,0,0,0,0,0,0,0,0,0,0,0,0,0,0,0,0,0,0,0,0,0,0,0
0,0,0, Lung,18,20,19,12,9,6,9,7,4,4,5,5,6,3,5,7,2,2,1,3,4,1,2,0,2,1,0,0,0,0,0,0,0,0,0,0,0,0,0,0,0,0,0,0,0,0,0,0,0,0,0,0
0,0,0, Heart / Lung,0,0,0,0,0,0,0,0,0,0,0,0,0,0,1,1,0,0,0,0,0,2,0,0,0,0,0,0,0,0,0,0,0,0,0,0,0,0,0,0,0,0,0,0,0,0,0,0,0,0,0,0
0,0,0, Intestine,2,3,2,1,2,1,0,0,0,0,2,0,1,0,0,0,0,1,0,0,0,0,0,0,0,0,0,0,0,0,0,0,0,0,0,0,0,0,0,0,0,0,0,0,0,0,0,0,0,0,0,0
0,0,0, All Donor Types,0,0,0,0,0,0,0,0,0,0,0,0,0,0,0,0,0,0,0,0,0,0,0,0,0,0,106,87,98,75,75,85,84,103,106,102,97,90,84,67,62,53,75,55,60,46,58,68,49,43,48,54
0,0,0, Deceased Donor,0,0,0,0,0,0,0,0,0,0,0,0,0,0,0,0,0,0,0,0,0,0,0,0,0,0,65,58,65,44,46,55,48,64,55,60,60,53,45,29,24,20,38,31,34,29,38,42,41,32,41,45
0,0,0, Living Donor,0,0,0,0,0,0,0,0,0,0,0,0,0,0,0,0,0,0,0,0,0,0,0,0,0,0,41,29,33,31,29,30,36,39,51,42,37,37,39,38,38,33,37,24,26,17,20,26,8,11,7,9
 New York,43.072901,-75.416748, All Organs,2179,1963,1841,1650,1793,1856,1869,1970,2011,2100,2294,2100,1815,1584,1712,1642,1513,1462,1386,1282,1157,1216,1071,1039,961,779,0,0,0,0,0,0,0,0,0,0,0,0,0,0,0,0,0,0,0,0,0,0,0,0,0,0
0,0,0, Kidney,1444,1306,1212,1098,1184,1206,1202,1272,1331,1366,1374,1271,1066,939,994,943,882,868,797,747,689,721,654,589,533,403,0,0,0,0,0,0,0,0,0,0,0,0,0,0,0,0,0,0,0,0,0,0,0,0,0,0
0,0,0, Liver,392,353,343,296,333,376,350,393,408,470,656,556,480,397,458,453,396,354,336,333,285,302,245,256,252,243,0,0,0,0,0,0,0,0,0,0,0,0,0,0,0,0,0,0,0,0,0,0,0,0,0,0
0,0,0, Pancreas,16,12,9,11,10,17,26,32,32,18,19,21,30,30,27,20,28,15,8,6,6,4,1,2,3,1,0,0,0,0,0,0,0,0,0,0,0,0,0,0,0,0,0,0,0,0,0,0,0,0,0,0
0,0,0, Kidney / Pancreas,38,28,26,21,27,21,34,25,22,18,31,29,25,29,23,20,26,49,49,45,38,40,26,18,11,2,0,0,0,0,0,0,0,0,0,0,0,0,0,0,0,0,0,0,0,0,0,0,0,0,0,0
0,0,0, Heart,190,171,155,144,161,149,161,142,131,139,134,138,134,146,159,151,136,122,138,102,103,114,110,123,125,109,0,0,0,0,0,0,0,0,0,0,0,0,0,0,0,0,0,0,0,0,0,0,0,0,0,0
0,0,0, Lung,87,76,84,70,67,80,86,86,75,76,68,71,61,31,40,44,33,41,44,40,35,30,31,41,28,21,0,0,0,0,0,0,0,0,0,0,0,0,0,0,0,0,0,0,0,0,0,0,0,0,0,0
0,0,0, Heart / Lung,0,0,0,0,1,0,0,1,0,3,3,1,0,3,1,2,1,4,10,3,0,0,4,5,6,0,0,0,0,0,0,0,0,0,0,0,0,0,0,0,0,0,0,0,0,0,0,0,0,0,0,0
0,0,0, Intestine,12,17,12,10,10,7,10,19,12,10,9,13,19,9,10,9,11,9,4,6,1,5,0,5,3,0,0,0,0,0,0,0,0,0,0,0,0,0,0,0,0,0,0,0,0,0,0,0,0,0,0,0
0,0,0, All Donor Types,0,0,0,0,0,0,0,0,0,0,0,0,0,0,0,0,0,0,0,0,0,0,0,0,0,0,851,797,825,766,749,808,848,922,898,923,914,919,871,756,777,860,799,699,665,614,536,549,465,398,266,281
0,0,0, Deceased Donor,0,0,0,0,0,0,0,0,0,0,0,0,0,0,0,0,0,0,0,0,0,0,0,0,0,0,435,365,381,352,356,384,376,411,377,473,450,419,391,320,304,328,332,339,372,358,329,348,297,242,124,151
0,0,0, Living Donor,0,0,0,0,0,0,0,0,0,0,0,0,0,0,0,0,0,0,0,0,0,0,0,0,0,0,416,432,444,414,393,424,472,511,521,450,464,500,480,436,473,532,467,360,293,256,207,201,168,156,142,130
 North Carolina,35.759573,-79.0193, All Organs,930,889,873,843,865,920,958,841,826,762,741,731,690,672,645,640,629,588,583,536,489,462,488,360,327,306,0,0,0,0,0,0,0,0,0,0,0,0,0,0,0,0,0,0,0,0,0,0,0,0,0,0
0,0,0, Kidney,549,523,553,507,516,560,611,488,514,462,451,434,397,399,348,326,318,304,312,283,269,233,267,195,181,179,0,0,0,0,0,0,0,0,0,0,0,0,0,0,0,0,0,0,0,0,0,0,0,0,0,0
0,0,0, Liver,176,165,132,134,152,156,156,163,129,127,143,129,133,121,118,128,140,129,148,101,93,96,98,71,60,65,0,0,0,0,0,0,0,0,0,0,0,0,0,0,0,0,0,0,0,0,0,0,0,0,0,0
0,0,0, Pancreas,8,9,5,5,8,8,3,2,4,7,6,11,15,20,18,6,12,6,3,1,0,2,4,1,0,1,0,0,0,0,0,0,0,0,0,0,0,0,0,0,0,0,0,0,0,0,0,0,0,0,0,0
0,0,0, Kidney / Pancreas,28,22,24,22,29,27,24,40,35,44,33,32,29,23,39,20,29,24,27,36,30,27,19,13,8,12,0,0,0,0,0,0,0,0,0,0,0,0,0,0,0,0,0,0,0,0,0,0,0,0,0,0
0,0,0, Heart,107,104,92,100,91,97,99,86,77,70,67,71,79,82,88,111,84,79,64,61,66,63,70,64,66,34,0,0,0,0,0,0,0,0,0,0,0,0,0,0,0,0,0,0,0,0,0,0,0,0,0,0
0,0,0, Lung,58,58,58,71,66,64,58,56,64,46,39,48,34,19,27,46,42,41,23,48,31,36,27,14,11,12,0,0,0,0,0,0,0,0,0,0,0,0,0,0,0,0,0,0,0,0,0,0,0,0,0,0
0,0,0, Heart / Lung,0,0,1,1,0,1,1,1,0,2,0,4,0,5,2,2,3,5,4,2,0,5,3,2,1,3,0,0,0,0,0,0,0,0,0,0,0,0,0,0,0,0,0,0,0,0,0,0,0,0,0,0
0,0,0, Intestine,4,8,8,3,3,7,6,5,3,4,2,2,3,3,5,1,1,0,2,4,0,0,0,0,0,0,0,0,0,0,0,0,0,0,0,0,0,0,0,0,0,0,0,0,0,0,0,0,0,0,0,0
0,0,0, All Donor Types,0,0,0,0,0,0,0,0,0,0,0,0,0,0,0,0,0,0,0,0,0,0,0,0,0,0,426,377,412,374,414,433,411,392,379,401,403,393,376,348,321,309,316,293,293,233,212,218,205,157,152,173
0,0,0, Deceased Donor,0,0,0,0,0,0,0,0,0,0,0,0,0,0,0,0,0,0,0,0,0,0,0,0,0,0,299,244,270,242,298,270,266,271,258,259,244,234,187,177,162,157,167,141,160,128,133,129,129,98,91,93
0,0,0, Living Donor,0,0,0,0,0,0,0,0,0,0,0,0,0,0,0,0,0,0,0,0,0,0,0,0,0,0,127,133,142,132,116,163,145,121,121,142,159,159,189,171,159,152,149,152,133,105,79,89,76,59,61,80
 North Dakota,47.551493,-101.002012, All Organs,78,71,68,63,52,65,62,62,63,61,74,65,75,78,71,86,62,57,52,46,51,44,50,34,42,43,0,0,0,0,0,0,0,0,0,0,0,0,0,0,0,0,0,0,0,0,0,0,0,0,0,0
0,0,0, Kidney,48,44,39,37,31,45,37,37,36,36,45,42,41,53,42,59,42,37,30,28,35,24,31,23,27,25,0,0,0,0,0,0,0,0,0,0,0,0,0,0,0,0,0,0,0,0,0,0,0,0,0,0
0,0,0, Liver,17,14,11,14,11,5,12,13,10,14,11,6,9,7,10,9,8,4,8,10,11,15,12,8,10,7,0,0,0,0,0,0,0,0,0,0,0,0,0,0,0,0,0,0,0,0,0,0,0,0,0,0
0,0,0, Pancreas,2,0,2,2,1,4,1,4,2,2,2,3,7,8,11,8,1,3,7,1,2,0,1,0,0,1,0,0,0,0,0,0,0,0,0,0,0,0,0,0,0,0,0,0,0,0,0,0,0,0,0,0
0,0,0, Kidney / Pancreas,0,3,2,2,0,2,2,3,5,1,2,2,3,1,1,3,5,3,2,2,2,1,3,0,1,2,0,0,0,0,0,0,0,0,0,0,0,0,0,0,0,0,0,0,0,0,0,0,0,0,0,0
0,0,0, Heart,6,3,7,3,8,7,6,5,8,5,9,7,8,5,3,2,4,2,4,2,1,1,3,1,3,6,0,0,0,0,0,0,0,0,0,0,0,0,0,0,0,0,0,0,0,0,0,0,0,0,0,0
0,0,0, Lung,4,7,7,5,0,2,3,0,1,3,5,5,6,3,3,5,2,8,1,2,0,3,0,1,1,2,0,0,0,0,0,0,0,0,0,0,0,0,0,0,0,0,0,0,0,0,0,0,0,0,0,0
0,0,0, Heart / Lung,0,0,0,0,1,0,1,0,0,0,0,0,1,0,1,0,0,0,0,0,0,0,0,0,0,0,0,0,0,0,0,0,0,0,0,0,0,0,0,0,0,0,0,0,0,0,0,0,0,0,0,0
0,0,0, Intestine,1,0,0,0,0,0,0,0,1,0,0,0,0,1,0,0,0,0,0,1,0,0,0,1,0,0,0,0,0,0,0,0,0,0,0,0,0,0,0,0,0,0,0,0,0,0,0,0,0,0,0,0
0,0,0, All Donor Types,0,0,0,0,0,0,0,0,0,0,0,0,0,0,0,0,0,0,0,0,0,0,0,0,0,0,33,36,34,35,31,45,36,36,28,32,41,31,33,50,28,48,37,41,25,28,29,27,18,25,21,19
0,0,0, Deceased Donor,0,0,0,0,0,0,0,0,0,0,0,0,0,0,0,0,0,0,0,0,0,0,0,0,0,0,17,17,14,15,16,24,13,21,14,13,17,9,13,16,9,10,18,16,12,13,11,15,10,15,13,12
0,0,0, Living Donor,0,0,0,0,0,0,0,0,0,0,0,0,0,0,0,0,0,0,0,0,0,0,0,0,0,0,16,19,20,20,15,21,23,15,14,19,24,22,20,34,19,38,19,25,13,15,18,12,8,10,8,7
 Ohio,40.417287,-82.907123, All Organs,1212,1046,1078,1028,1064,967,1020,999,1035,1093,1156,1105,1108,969,986,978,1036,906,907,863,808,825,768,768,752,651,0,0,0,0,0,0,0,0,0,0,0,0,0,0,0,0,0,0,0,0,0,0,0,0,0,0
0,0,0, Kidney,611,558,612,614,632,576,605,557,638,624,685,679,654,569,631,603,602,493,510,499,481,475,427,434,427,360,0,0,0,0,0,0,0,0,0,0,0,0,0,0,0,0,0,0,0,0,0,0,0,0,0,0
0,0,0, Liver,318,255,246,215,237,193,198,196,209,235,223,211,224,197,141,148,184,167,164,181,150,142,145,130,130,135,0,0,0,0,0,0,0,0,0,0,0,0,0,0,0,0,0,0,0,0,0,0,0,0,0,0
0,0,0, Pancreas,5,11,10,11,12,13,29,21,23,29,32,37,36,28,24,22,23,12,7,5,7,7,2,7,4,4,0,0,0,0,0,0,0,0,0,0,0,0,0,0,0,0,0,0,0,0,0,0,0,0,0,0
0,0,0, Kidney / Pancreas,35,35,36,43,44,45,46,47,51,57,64,36,61,49,56,55,62,62,69,53,60,68,74,72,58,48,0,0,0,0,0,0,0,0,0,0,0,0,0,0,0,0,0,0,0,0,0,0,0,0,0,0
0,0,0, Heart,110,88,80,66,64,70,55,68,63,73,87,68,70,75,76,84,99,114,114,92,88,99,95,94,96,78,0,0,0,0,0,0,0,0,0,0,0,0,0,0,0,0,0,0,0,0,0,0,0,0,0,0
0,0,0, Lung,123,91,85,72,72,58,68,99,44,59,48,62,55,41,53,61,61,48,41,29,20,32,22,26,33,24,0,0,0,0,0,0,0,0,0,0,0,0,0,0,0,0,0,0,0,0,0,0,0,0,0,0
0,0,0, Heart / Lung,0,0,1,0,2,3,4,1,0,2,6,2,2,1,1,1,1,4,0,0,1,1,2,3,4,2,0,0,0,0,0,0,0,0,0,0,0,0,0,0,0,0,0,0,0,0,0,0,0,0,0,0
0,0,0, Intestine,10,8,8,7,1,9,15,10,7,14,11,10,6,9,4,4,4,6,2,4,1,1,1,2,0,0,0,0,0,0,0,0,0,0,0,0,0,0,0,0,0,0,0,0,0,0,0,0,0,0,0,0
0,0,0, All Donor Types,0,0,0,0,0,0,0,0,0,0,0,0,0,0,0,0,0,0,0,0,0,0,0,0,0,0,611,596,595,558,571,540,575,558,568,609,660,620,626,529,566,549,518,390,418,398,405,388,365,323,297,301
0,0,0, Deceased Donor,0,0,0,0,0,0,0,0,0,0,0,0,0,0,0,0,0,0,0,0,0,0,0,0,0,0,360,356,319,297,298,304,307,285,298,317,310,263,278,238,227,240,253,233,257,246,253,260,241,224,213,205
0,0,0, Living Donor,0,0,0,0,0,0,0,0,0,0,0,0,0,0,0,0,0,0,0,0,0,0,0,0,0,0,251,240,276,261,273,236,268,273,270,292,350,357,348,291,339,309,265,157,161,152,152,128,124,99,84,96
 Oklahoma,35.007752,-97.092877, All Organs,332,333,340,299,293,311,292,284,269,280,256,288,290,294,256,259,224,238,227,184,217,270,264,248,197,156,0,0,0,0,0,0,0,0,0,0,0,0,0,0,0,0,0,0,0,0,0,0,0,0,0,0
0,0,0, Kidney,193,209,200,176,167,186,175,168,146,138,129,145,135,168,143,154,115,133,119,94,117,150,143,141,115,92,0,0,0,0,0,0,0,0,0,0,0,0,0,0,0,0,0,0,0,0,0,0,0,0,0,0
0,0,0, Liver,73,58,64,57,63,78,67,63,67,87,71,77,74,74,49,58,54,52,61,47,41,62,56,64,42,26,0,0,0,0,0,0,0,0,0,0,0,0,0,0,0,0,0,0,0,0,0,0,0,0,0,0
0,0,0, Pancreas,0,2,4,4,4,1,2,1,7,5,3,3,6,6,1,1,1,2,0,1,2,1,0,0,0,0,0,0,0,0,0,0,0,0,0,0,0,0,0,0,0,0,0,0,0,0,0,0,0,0,0,0
0,0,0, Kidney / Pancreas,4,6,8,10,9,2,8,5,7,4,12,11,10,5,10,10,9,7,5,7,6,4,3,0,1,0,0,0,0,0,0,0,0,0,0,0,0,0,0,0,0,0,0,0,0,0,0,0,0,0,0,0
0,0,0, Heart,26,30,34,22,28,22,22,23,18,26,21,29,32,21,33,23,33,35,31,30,43,49,53,32,37,31,0,0,0,0,0,0,0,0,0,0,0,0,0,0,0,0,0,0,0,0,0,0,0,0,0,0
0,0,0, Lung,36,26,27,27,21,21,16,22,20,18,17,22,31,16,20,12,11,7,10,4,7,3,9,11,2,7,0,0,0,0,0,0,0,0,0,0,0,0,0,0,0,0,0,0,0,0,0,0,0,0,0,0
0,0,0, Heart / Lung,0,0,0,0,0,0,0,0,0,0,1,0,1,1,0,0,1,1,0,1,0,0,0,0,0,0,0,0,0,0,0,0,0,0,0,0,0,0,0,0,0,0,0,0,0,0,0,0,0,0,0,0
0,0,0, Intestine,0,2,3,3,1,1,2,2,4,2,2,1,1,3,0,1,0,1,1,0,1,1,0,0,0,0,0,0,0,0,0,0,0,0,0,0,0,0,0,0,0,0,0,0,0,0,0,0,0,0,0,0
0,0,0, All Donor Types,0,0,0,0,0,0,0,0,0,0,0,0,0,0,0,0,0,0,0,0,0,0,0,0,0,0,218,215,198,164,154,155,146,137,123,155,112,132,136,156,130,126,101,106,127,80,82,121,97,93,86,79
0,0,0, Deceased Donor,0,0,0,0,0,0,0,0,0,0,0,0,0,0,0,0,0,0,0,0,0,0,0,0,0,0,181,170,148,99,107,99,88,88,89,121,75,92,99,98,75,75,71,72,82,55,60,88,73,59,55,46
0,0,0, Living Donor,0,0,0,0,0,0,0,0,0,0,0,0,0,0,0,0,0,0,0,0,0,0,0,0,0,0,37,45,50,65,47,56,58,49,34,34,37,40,37,58,55,51,30,34,45,25,22,33,24,34,31,33
 Oregon,43.804133,-120.554201, All Organs,298,267,250,218,217,226,205,256,236,239,279,257,223,296,270,266,231,191,165,166,166,183,193,189,168,126,0,0,0,0,0,0,0,0,0,0,0,0,0,0,0,0,0,0,0,0,0,0,0,0,0,0
0,0,0, Kidney,171,149,148,135,129,134,131,166,148,157,176,178,153,210,194,191,156,121,100,109,103,113,105,102,105,81,0,0,0,0,0,0,0,0,0,0,0,0,0,0,0,0,0,0,0,0,0,0,0,0,0,0
0,0,0, Liver,65,56,54,38,46,54,35,42,45,46,47,40,39,48,30,33,41,34,37,36,35,42,43,49,39,19,0,0,0,0,0,0,0,0,0,0,0,0,0,0,0,0,0,0,0,0,0,0,0,0,0,0
0,0,0, Pancreas,0,0,0,0,0,0,1,1,0,1,3,0,2,4,5,1,0,2,0,0,0,0,3,1,0,0,0,0,0,0,0,0,0,0,0,0,0,0,0,0,0,0,0,0,0,0,0,0,0,0,0,0
0,0,0, Kidney / Pancreas,9,4,5,4,7,4,4,9,9,7,11,8,3,8,11,3,4,7,6,4,7,5,8,4,1,0,0,0,0,0,0,0,0,0,0,0,0,0,0,0,0,0,0,0,0,0,0,0,0,0,0,0
0,0,0, Heart,33,33,24,25,20,25,22,20,16,13,21,20,10,20,22,28,24,23,17,12,17,18,25,26,20,23,0,0,0,0,0,0,0,0,0,0,0,0,0,0,0,0,0,0,0,0,0,0,0,0,0,0
0,0,0, Lung,19,24,18,16,15,8,12,17,18,14,20,11,14,6,7,9,5,4,5,5,3,5,8,4,2,1,0,0,0,0,0,0,0,0,0,0,0,0,0,0,0,0,0,0,0,0,0,0,0,0,0,0
0,0,0, Heart / Lung,1,1,0,0,0,0,0,0,0,0,0,0,2,0,1,1,1,0,0,0,1,0,0,3,1,2,0,0,0,0,0,0,0,0,0,0,0,0,0,0,0,0,0,0,0,0,0,0,0,0,0,0
0,0,0, Intestine,0,0,1,0,0,1,0,1,0,1,1,0,0,0,0,0,0,0,0,0,0,0,1,0,0,0,0,0,0,0,0,0,0,0,0,0,0,0,0,0,0,0,0,0,0,0,0,0,0,0,0,0
0,0,0, All Donor Types,0,0,0,0,0,0,0,0,0,0,0,0,0,0,0,0,0,0,0,0,0,0,0,0,0,0,140,130,129,112,105,114,114,145,129,135,143,140,139,164,153,152,137,104,100,103,88,105,94,90,79,81
0,0,0, Deceased Donor,0,0,0,0,0,0,0,0,0,0,0,0,0,0,0,0,0,0,0,0,0,0,0,0,0,0,77,83,65,63,48,60,55,65,55,67,78,63,61,68,60,62,58,56,56,59,53,68,64,63,51,49
0,0,0, Living Donor,0,0,0,0,0,0,0,0,0,0,0,0,0,0,0,0,0,0,0,0,0,0,0,0,0,0,63,47,64,49,57,54,59,80,74,68,65,77,78,96,93,90,79,48,44,44,35,37,30,27,28,32
 Pennsylvania,41.203322,-77.194525, All Organs,1554,1447,1358,1456,1243,1279,1438,1476,1416,1526,1708,1615,1532,1554,1480,1397,1269,1284,1196,1199,1176,1083,923,939,896,763,0,0,0,0,0,0,0,0,0,0,0,0,0,0,0,0,0,0,0,0,0,0,0,0,0,0
0,0,0, Kidney,859,816,785,817,685,700,745,796,817,800,993,906,882,922,865,823,721,691,650,643,653,579,510,530,520,439,0,0,0,0,0,0,0,0,0,0,0,0,0,0,0,0,0,0,0,0,0,0,0,0,0,0
0,0,0, Liver,367,335,316,335,297,308,330,328,301,360,358,372,376,391,337,277,268,313,254,241,257,235,200,188,188,189,0,0,0,0,0,0,0,0,0,0,0,0,0,0,0,0,0,0,0,0,0,0,0,0,0,0
0,0,0, Pancreas,7,9,6,10,7,12,36,23,27,38,39,45,48,25,29,22,27,29,12,19,14,7,1,6,4,3,0,0,0,0,0,0,0,0,0,0,0,0,0,0,0,0,0,0,0,0,0,0,0,0,0,0
0,0,0, Kidney / Pancreas,24,21,13,37,39,29,38,34,19,32,41,50,50,43,54,63,52,64,66,52,54,59,28,23,28,15,0,0,0,0,0,0,0,0,0,0,0,0,0,0,0,0,0,0,0,0,0,0,0,0,0,0
0,0,0, Heart,123,122,123,131,102,120,159,145,134,145,160,126,101,107,120,132,144,122,147,167,150,136,131,130,119,90,0,0,0,0,0,0,0,0,0,0,0,0,0,0,0,0,0,0,0,0,0,0,0,0,0,0
0,0,0, Lung,164,137,106,124,108,97,109,136,105,130,96,102,61,56,59,66,51,53,55,64,38,63,51,58,31,27,0,0,0,0,0,0,0,0,0,0,0,0,0,0,0,0,0,0,0,0,0,0,0,0,0,0
0,0,0, Heart / Lung,3,2,4,0,1,2,5,1,3,3,3,2,4,3,6,1,1,4,7,7,4,4,1,2,2,0,0,0,0,0,0,0,0,0,0,0,0,0,0,0,0,0,0,0,0,0,0,0,0,0,0,0
0,0,0, Intestine,7,5,5,2,4,11,16,13,10,18,18,12,10,7,10,13,5,8,5,6,6,0,1,2,4,0,0,0,0,0,0,0,0,0,0,0,0,0,0,0,0,0,0,0,0,0,0,0,0,0,0,0
0,0,0, All Donor Types,0,0,0,0,0,0,0,0,0,0,0,0,0,0,0,0,0,0,0,0,0,0,0,0,0,0,836,813,757,792,721,705,729,789,742,722,762,715,768,723,668,637,601,593,491,507,443,427,368,380,366,328
0,0,0, Deceased Donor,0,0,0,0,0,0,0,0,0,0,0,0,0,0,0,0,0,0,0,0,0,0,0,0,0,0,561,529,488,484,460,470,459,495,489,457,443,416,438,404,390,369,355,406,342,342,296,289,266,261,262,233
0,0,0, Living Donor,0,0,0,0,0,0,0,0,0,0,0,0,0,0,0,0,0,0,0,0,0,0,0,0,0,0,275,284,269,308,261,235,270,294,253,265,319,299,330,319,278,268,246,187,149,165,147,138,102,119,104,95
 Puerto Rico,18.220833,-66.590149, All Organs,167,197,198,193,191,165,171,204,197,208,179,184,165,167,131,172,131,101,118,82,52,66,55,54,45,49,0,0,0,0,0,0,0,0,0,0,0,0,0,0,0,0,0,0,0,0,0,0,0,0,0,0
0,0,0, Kidney,92,102,107,120,100,95,100,113,120,128,114,129,114,113,87,113,82,80,94,55,37,44,43,45,36,39,0,0,0,0,0,0,0,0,0,0,0,0,0,0,0,0,0,0,0,0,0,0,0,0,0,0
0,0,0, Liver,56,66,64,58,70,55,50,72,56,51,48,32,33,31,32,40,25,12,18,22,12,19,6,6,4,6,0,0,0,0,0,0,0,0,0,0,0,0,0,0,0,0,0,0,0,0,0,0,0,0,0,0
0,0,0, Pancreas,2,1,0,3,0,1,0,0,0,3,0,1,0,0,1,0,1,0,1,0,0,0,0,0,0,0,0,0,0,0,0,0,0,0,0,0,0,0,0,0,0,0,0,0,0,0,0,0,0,0,0,0
0,0,0, Kidney / Pancreas,13,19,20,10,13,7,9,9,11,11,1,5,7,6,4,6,1,2,1,2,1,1,1,0,1,1,0,0,0,0,0,0,0,0,0,0,0,0,0,0,0,0,0,0,0,0,0,0,0,0,0,0
0,0,0, Heart,4,7,6,2,6,6,7,8,10,13,15,16,10,17,5,13,19,7,4,3,2,2,5,3,4,3,0,0,0,0,0,0,0,0,0,0,0,0,0,0,0,0,0,0,0,0,0,0,0,0,0,0
0,0,0, Lung,0,2,1,0,2,1,5,2,0,1,1,1,1,0,1,0,2,0,0,0,0,0,0,0,0,0,0,0,0,0,0,0,0,0,0,0,0,0,0,0,0,0,0,0,0,0,0,0,0,0,0,0
0,0,0, Intestine,0,0,0,0,0,0,0,0,0,1,0,0,0,0,1,0,1,0,0,0,0,0,0,0,0,0,0,0,0,0,0,0,0,0,0,0,0,0,0,0,0,0,0,0,0,0,0,0,0,0,0,0
0,0,0, All Donor Types,0,0,0,0,0,0,0,0,0,0,0,0,0,0,0,0,0,0,0,0,0,0,0,0,0,0,103,116,120,114,116,102,124,129,142,146,118,132,120,109,89,111,96,66,71,42,30,39,31,36,32,34
0,0,0, Deceased Donor,0,0,0,0,0,0,0,0,0,0,0,0,0,0,0,0,0,0,0,0,0,0,0,0,0,0,87,105,101,99,104,93,100,103,108,117,78,92,83,67,56,57,50,29,30,12,8,11,5,6,2,3
0,0,0, Living Donor,0,0,0,0,0,0,0,0,0,0,0,0,0,0,0,0,0,0,0,0,0,0,0,0,0,0,16,11,19,15,12,9,24,26,34,29,40,40,37,42,33,54,46,37,41,30,22,28,26,30,30,31
 Rhode Island,41.580095,-71.477429, All Organs,103,82,94,66,96,67,73,83,66,77,88,91,99,91,90,105,89,68,67,80,73,53,60,45,42,37,0,0,0,0,0,0,0,0,0,0,0,0,0,0,0,0,0,0,0,0,0,0,0,0,0,0
0,0,0, Kidney,66,53,67,40,66,49,47,52,34,46,62,61,67,66,70,76,63,48,51,60,48,38,41,28,26,20,0,0,0,0,0,0,0,0,0,0,0,0,0,0,0,0,0,0,0,0,0,0,0,0,0,0
0,0,0, Liver,20,21,15,16,16,11,12,17,14,19,14,14,15,8,9,19,16,8,8,10,11,9,10,12,7,10,0,0,0,0,0,0,0,0,0,0,0,0,0,0,0,0,0,0,0,0,0,0,0,0,0,0
0,0,0, Pancreas,0,0,1,0,0,3,0,1,1,3,2,4,3,7,2,0,0,0,0,0,0,0,0,0,2,0,0,0,0,0,0,0,0,0,0,0,0,0,0,0,0,0,0,0,0,0,0,0,0,0,0,0
0,0,0, Kidney / Pancreas,0,1,1,1,1,0,0,1,0,0,1,1,1,1,0,0,1,0,0,0,0,1,1,1,3,1,0,0,0,0,0,0,0,0,0,0,0,0,0,0,0,0,0,0,0,0,0,0,0,0,0,0
0,0,0, Heart,12,3,7,3,10,2,4,7,10,7,6,5,8,8,7,5,7,7,7,5,10,4,6,2,2,5,0,0,0,0,0,0,0,0,0,0,0,0,0,0,0,0,0,0,0,0,0,0,0,0,0,0
0,0,0, Lung,4,4,2,6,3,2,10,5,7,2,3,6,5,1,2,5,2,4,1,5,4,1,1,1,2,1,0,0,0,0,0,0,0,0,0,0,0,0,0,0,0,0,0,0,0,0,0,0,0,0,0,0
0,0,0, Heart / Lung,0,0,0,0,0,0,0,0,0,0,0,0,0,0,0,0,0,0,0,0,0,0,1,1,0,0,0,0,0,0,0,0,0,0,0,0,0,0,0,0,0,0,0,0,0,0,0,0,0,0,0,0
0,0,0, Intestine,1,0,1,0,0,0,0,0,0,0,0,0,0,0,0,0,0,1,0,0,0,0,0,0,0,0,0,0,0,0,0,0,0,0,0,0,0,0,0,0,0,0,0,0,0,0,0,0,0,0,0,0
0,0,0, All Donor Types,0,0,0,0,0,0,0,0,0,0,0,0,0,0,0,0,0,0,0,0,0,0,0,0,0,0,40,34,42,32,52,37,38,46,41,53,59,43,51,58,55,54,53,34,29,38,39,29,26,22,31,19
0,0,0, Deceased Donor,0,0,0,0,0,0,0,0,0,0,0,0,0,0,0,0,0,0,0,0,0,0,0,0,0,0,13,20,20,12,19,15,15,22,13,23,25,20,19,20,20,16,22,12,9,16,12,15,11,11,14,12
0,0,0, Living Donor,0,0,0,0,0,0,0,0,0,0,0,0,0,0,0,0,0,0,0,0,0,0,0,0,0,0,27,14,22,20,33,22,23,24,28,30,34,23,32,38,35,38,31,22,20,22,27,14,15,11,17,7
 South Carolina,33.836081,-81.163725, All Organs,426,447,405,385,384,439,420,365,414,404,417,371,335,318,310,411,381,333,307,283,298,242,281,240,244,175,0,0,0,0,0,0,0,0,0,0,0,0,0,0,0,0,0,0,0,0,0,0,0,0,0,0
0,0,0, Kidney,252,292,255,212,232,243,247,204,244,254,247,234,200,191,175,236,216,194,197,181,184,158,185,148,153,102,0,0,0,0,0,0,0,0,0,0,0,0,0,0,0,0,0,0,0,0,0,0,0,0,0,0
0,0,0, Liver,110,97,94,102,91,100,96,82,94,80,97,72,61,54,69,91,93,76,57,45,44,34,42,50,49,31,0,0,0,0,0,0,0,0,0,0,0,0,0,0,0,0,0,0,0,0,0,0,0,0,0,0
0,0,0, Pancreas,1,5,4,3,3,7,5,10,7,9,7,6,8,7,5,11,7,1,3,0,1,2,1,3,1,0,0,0,0,0,0,0,0,0,0,0,0,0,0,0,0,0,0,0,0,0,0,0,0,0,0,0
0,0,0, Kidney / Pancreas,14,13,12,15,14,19,24,17,21,16,15,13,15,13,16,22,20,18,10,11,15,11,6,8,6,10,0,0,0,0,0,0,0,0,0,0,0,0,0,0,0,0,0,0,0,0,0,0,0,0,0,0
0,0,0, Heart,20,22,20,33,23,33,23,26,30,23,27,24,25,21,27,33,29,28,30,29,36,21,30,22,24,24,0,0,0,0,0,0,0,0,0,0,0,0,0,0,0,0,0,0,0,0,0,0,0,0,0,0
0,0,0, Lung,28,16,17,20,20,33,25,23,12,17,20,19,25,30,16,15,13,14,9,17,17,15,14,7,10,8,0,0,0,0,0,0,0,0,0,0,0,0,0,0,0,0,0,0,0,0,0,0,0,0,0,0
0,0,0, Heart / Lung,0,0,1,0,0,0,0,0,0,0,0,0,1,0,0,1,0,1,1,0,1,0,1,1,0,0,0,0,0,0,0,0,0,0,0,0,0,0,0,0,0,0,0,0,0,0,0,0,0,0,0,0
0,0,0, Intestine,1,2,2,0,1,4,0,3,6,5,4,3,0,2,2,2,3,1,0,0,0,1,2,1,1,0,0,0,0,0,0,0,0,0,0,0,0,0,0,0,0,0,0,0,0,0,0,0,0,0,0,0
0,0,0, All Donor Types,0,0,0,0,0,0,0,0,0,0,0,0,0,0,0,0,0,0,0,0,0,0,0,0,0,0,211,204,187,164,168,185,193,199,226,267,278,211,180,144,160,187,179,175,136,123,127,115,116,109,121,83
0,0,0, Deceased Donor,0,0,0,0,0,0,0,0,0,0,0,0,0,0,0,0,0,0,0,0,0,0,0,0,0,0,150,138,124,118,121,146,129,142,169,203,209,135,125,91,107,124,124,95,75,68,72,69,68,60,73,53
0,0,0, Living Donor,0,0,0,0,0,0,0,0,0,0,0,0,0,0,0,0,0,0,0,0,0,0,0,0,0,0,61,66,63,46,47,39,64,57,57,64,69,76,55,53,53,63,55,80,61,55,55,46,48,49,48,30
 South Dakota,43.969515,-99.901813, All Organs,81,83,81,71,84,86,53,71,72,72,79,91,89,82,69,69,53,59,59,58,38,53,48,38,32,14,0,0,0,0,0,0,0,0,0,0,0,0,0,0,0,0,0,0,0,0,0,0,0,0,0,0
0,0,0, Kidney,51,50,48,51,48,56,35,49,51,53,53,67,66,61,48,50,32,42,37,32,27,34,31,23,19,10,0,0,0,0,0,0,0,0,0,0,0,0,0,0,0,0,0,0,0,0,0,0,0,0,0,0
0,0,0, Liver,15,15,18,13,22,17,12,7,8,5,8,7,12,7,1,5,6,9,10,12,4,6,5,8,3,3,0,0,0,0,0,0,0,0,0,0,0,0,0,0,0,0,0,0,0,0,0,0,0,0,0,0
0,0,0, Pancreas,0,0,3,2,1,1,0,2,4,5,2,7,6,5,5,6,3,0,3,0,0,0,1,0,0,0,0,0,0,0,0,0,0,0,0,0,0,0,0,0,0,0,0,0,0,0,0,0,0,0,0,0
0,0,0, Kidney / Pancreas,3,1,4,0,0,2,2,4,1,1,4,3,4,2,7,3,3,3,2,4,2,3,1,2,2,0,0,0,0,0,0,0,0,0,0,0,0,0,0,0,0,0,0,0,0,0,0,0,0,0,0,0
0,0,0, Heart,6,8,4,2,9,5,0,2,2,2,9,4,1,2,6,4,8,4,3,4,1,8,8,3,6,1,0,0,0,0,0,0,0,0,0,0,0,0,0,0,0,0,0,0,0,0,0,0,0,0,0,0
0,0,0, Lung,4,9,3,3,4,5,3,6,6,6,2,3,0,4,2,1,1,1,4,5,4,2,2,2,2,0,0,0,0,0,0,0,0,0,0,0,0,0,0,0,0,0,0,0,0,0,0,0,0,0,0,0
0,0,0, Heart / Lung,1,0,0,0,0,0,0,0,0,0,0,0,0,1,0,0,0,0,0,1,0,0,0,0,0,0,0,0,0,0,0,0,0,0,0,0,0,0,0,0,0,0,0,0,0,0,0,0,0,0,0,0
0,0,0, Intestine,1,0,1,0,0,0,1,1,0,0,1,0,0,0,0,0,0,0,0,0,0,0,0,0,0,0,0,0,0,0,0,0,0,0,0,0,0,0,0,0,0,0,0,0,0,0,0,0,0,0,0,0
0,0,0, All Donor Types,0,0,0,0,0,0,0,0,0,0,0,0,0,0,0,0,0,0,0,0,0,0,0,0,0,0,47,35,33,29,25,46,37,44,37,44,49,53,56,41,34,46,30,32,23,29,27,35,32,20,20,20
0,0,0, Deceased Donor,0,0,0,0,0,0,0,0,0,0,0,0,0,0,0,0,0,0,0,0,0,0,0,0,0,0,22,19,19,14,11,22,18,27,15,18,17,20,22,14,14,18,20,18,16,16,19,23,24,12,14,14
0,0,0, Living Donor,0,0,0,0,0,0,0,0,0,0,0,0,0,0,0,0,0,0,0,0,0,0,0,0,0,0,25,16,14,15,14,24,19,17,22,26,32,33,34,27,20,28,10,14,7,13,8,12,8,8,6,6
 Tennessee,35.517491,-86.580447, All Organs,669,666,601,610,542,593,531,613,510,525,568,498,539,477,500,426,455,407,411,358,388,365,321,333,290,260,0,0,0,0,0,0,0,0,0,0,0,0,0,0,0,0,0,0,0,0,0,0,0,0,0,0
0,0,0, Kidney,335,358,325,368,323,347,285,337,263,316,344,314,340,309,317,271,268,248,234,218,229,215,189,203,191,164,0,0,0,0,0,0,0,0,0,0,0,0,0,0,0,0,0,0,0,0,0,0,0,0,0,0
0,0,0, Liver,195,190,191,155,142,160,148,173,163,123,113,87,97,84,87,75,84,71,74,56,72,54,60,54,34,30,0,0,0,0,0,0,0,0,0,0,0,0,0,0,0,0,0,0,0,0,0,0,0,0,0,0
0,0,0, Pancreas,3,3,3,2,6,2,4,3,6,4,5,9,15,6,9,9,16,12,8,3,8,0,1,1,3,3,0,0,0,0,0,0,0,0,0,0,0,0,0,0,0,0,0,0,0,0,0,0,0,0,0,0
0,0,0, Kidney / Pancreas,13,9,7,6,8,10,15,14,13,20,35,19,13,10,26,11,22,20,26,14,14,12,7,9,9,15,0,0,0,0,0,0,0,0,0,0,0,0,0,0,0,0,0,0,0,0,0,0,0,0,0,0
0,0,0, Heart,94,70,48,45,43,45,42,54,46,43,39,42,44,44,45,44,41,39,49,46,51,62,52,61,43,39,0,0,0,0,0,0,0,0,0,0,0,0,0,0,0,0,0,0,0,0,0,0,0,0,0,0
0,0,0, Lung,27,34,27,32,18,29,35,30,14,17,30,26,25,22,13,14,19,15,19,17,11,16,12,5,9,9,0,0,0,0,0,0,0,0,0,0,0,0,0,0,0,0,0,0,0,0,0,0,0,0,0,0
0,0,0, Heart / Lung,0,0,0,2,0,0,1,1,0,0,1,1,1,1,0,1,3,0,0,3,1,5,0,0,0,0,0,0,0,0,0,0,0,0,0,0,0,0,0,0,0,0,0,0,0,0,0,0,0,0,0,0
0,0,0, Intestine,2,2,0,0,2,0,1,1,5,2,1,0,4,1,3,1,2,2,1,1,2,1,0,0,1,0,0,0,0,0,0,0,0,0,0,0,0,0,0,0,0,0,0,0,0,0,0,0,0,0,0,0
0,0,0, All Donor Types,0,0,0,0,0,0,0,0,0,0,0,0,0,0,0,0,0,0,0,0,0,0,0,0,0,0,334,338,322,343,350,332,283,356,265,288,323,277,260,289,259,239,220,208,172,192,203,154,141,152,144,126
0,0,0, Deceased Donor,0,0,0,0,0,0,0,0,0,0,0,0,0,0,0,0,0,0,0,0,0,0,0,0,0,0,268,250,249,236,238,221,201,250,181,177,207,147,139,136,146,132,110,116,90,107,126,99,84,98,85,70
0,0,0, Living Donor,0,0,0,0,0,0,0,0,0,0,0,0,0,0,0,0,0,0,0,0,0,0,0,0,0,0,66,88,73,107,112,111,82,106,84,111,116,130,121,153,113,107,110,92,82,85,77,55,57,54,59,56
 Texas,31.968599,-99.901813, All Organs,3038,2680,2520,2333,2290,2254,2284,2124,2122,2090,1994,1947,1895,1882,1796,1620,1586,1534,1469,1326,1241,1248,1180,1134,1047,950,0,0,0,0,0,0,0,0,0,0,0,0,0,0,0,0,0,0,0,0,0,0,0,0,0,0
0,0,0, Kidney,1696,1510,1348,1289,1224,1277,1338,1281,1236,1171,1144,1109,1074,1076,1047,903,929,886,865,756,786,756,734,676,640,540,0,0,0,0,0,0,0,0,0,0,0,0,0,0,0,0,0,0,0,0,0,0,0,0,0,0
0,0,0, Liver,701,621,539,491,479,471,490,455,511,532,526,493,505,454,439,367,348,337,283,228,217,215,192,199,176,168,0,0,0,0,0,0,0,0,0,0,0,0,0,0,0,0,0,0,0,0,0,0,0,0,0,0
0,0,0, Pancreas,15,10,12,13,14,17,19,27,21,29,14,20,17,18,21,18,12,9,7,6,2,7,4,2,1,2,0,0,0,0,0,0,0,0,0,0,0,0,0,0,0,0,0,0,0,0,0,0,0,0,0,0
0,0,0, Kidney / Pancreas,65,64,55,55,59,56,47,49,55,53,29,45,49,57,38,55,47,58,41,33,33,42,28,41,24,34,0,0,0,0,0,0,0,0,0,0,0,0,0,0,0,0,0,0,0,0,0,0,0,0,0,0
0,0,0, Heart,312,269,334,256,254,213,197,167,171,188,170,172,162,168,165,179,185,179,179,198,157,171,159,169,167,177,0,0,0,0,0,0,0,0,0,0,0,0,0,0,0,0,0,0,0,0,0,0,0,0,0,0
0,0,0, Lung,239,200,224,217,252,208,175,126,116,102,100,99,78,95,78,83,57,62,88,99,43,50,59,42,38,26,0,0,0,0,0,0,0,0,0,0,0,0,0,0,0,0,0,0,0,0,0,0,0,0,0,0
0,0,0, Heart / Lung,2,0,2,5,6,3,11,8,1,1,1,2,2,4,2,2,3,3,1,4,1,4,3,3,1,3,0,0,0,0,0,0,0,0,0,0,0,0,0,0,0,0,0,0,0,0,0,0,0,0,0,0
0,0,0, Intestine,8,6,6,7,2,9,7,11,11,14,10,7,8,10,6,13,5,0,5,2,2,3,1,2,0,0,0,0,0,0,0,0,0,0,0,0,0,0,0,0,0,0,0,0,0,0,0,0,0,0,0,0
0,0,0, All Donor Types,0,0,0,0,0,0,0,0,0,0,0,0,0,0,0,0,0,0,0,0,0,0,0,0,0,0,"1,420","1,243","1,123","1,098","1,068","1,075","1,144","1,101","1,026","1,008",942,936,935,867,844,788,777,694,709,597,603,590,545,518,497,466
0,0,0, Deceased Donor,0,0,0,0,0,0,0,0,0,0,0,0,0,0,0,0,0,0,0,0,0,0,0,0,0,0,896,736,699,630,643,618,631,590,616,647,601,571,587,502,482,480,455,452,431,402,385,394,378,338,316,312
0,0,0, Living Donor,0,0,0,0,0,0,0,0,0,0,0,0,0,0,0,0,0,0,0,0,0,0,0,0,0,0,524,507,424,468,425,457,513,511,410,361,341,365,348,365,362,308,322,242,278,195,218,196,167,180,181,154
 Utah,39.32098,-111.093731, All Organs,262,259,237,241,181,192,210,209,204,213,208,188,230,220,205,175,179,175,173,153,155,166,131,152,129,147,0,0,0,0,0,0,0,0,0,0,0,0,0,0,0,0,0,0,0,0,0,0,0,0,0,0
0,0,0, Kidney,144,131,137,132,108,118,116,126,119,123,124,107,132,127,112,111,98,107,108,88,90,93,85,100,76,92,0,0,0,0,0,0,0,0,0,0,0,0,0,0,0,0,0,0,0,0,0,0,0,0,0,0
0,0,0, Liver,64,68,63,54,46,39,50,51,44,48,49,44,49,49,45,35,41,36,37,35,29,41,27,28,23,24,0,0,0,0,0,0,0,0,0,0,0,0,0,0,0,0,0,0,0,0,0,0,0,0,0,0
0,0,0, Pancreas,3,4,5,1,1,1,1,1,2,2,4,9,8,3,5,3,2,0,3,2,0,0,0,0,0,3,0,0,0,0,0,0,0,0,0,0,0,0,0,0,0,0,0,0,0,0,0,0,0,0,0,0
0,0,0, Kidney / Pancreas,10,9,8,11,3,4,8,8,9,9,9,6,8,15,8,4,8,9,6,4,8,9,5,2,7,7,0,0,0,0,0,0,0,0,0,0,0,0,0,0,0,0,0,0,0,0,0,0,0,0,0,0
0,0,0, Heart,29,32,11,28,16,16,25,15,22,22,16,17,24,17,27,18,21,13,11,18,20,19,11,18,22,18,0,0,0,0,0,0,0,0,0,0,0,0,0,0,0,0,0,0,0,0,0,0,0,0,0,0
0,0,0, Lung,10,15,12,14,7,14,10,6,8,9,6,5,8,9,6,4,8,10,8,6,7,4,2,3,1,2,0,0,0,0,0,0,0,0,0,0,0,0,0,0,0,0,0,0,0,0,0,0,0,0,0,0
0,0,0, Heart / Lung,0,0,0,0,0,0,0,0,0,0,0,0,0,0,0,0,0,0,0,0,0,0,0,0,0,1,0,0,0,0,0,0,0,0,0,0,0,0,0,0,0,0,0,0,0,0,0,0,0,0,0,0
0,0,0, Intestine,2,0,1,1,0,0,0,2,0,0,0,0,1,0,2,0,1,0,0,0,1,0,1,1,0,0,0,0,0,0,0,0,0,0,0,0,0,0,0,0,0,0,0,0,0,0,0,0,0,0,0,0
0,0,0, All Donor Types,0,0,0,0,0,0,0,0,0,0,0,0,0,0,0,0,0,0,0,0,0,0,0,0,0,0,134,139,140,139,113,127,122,134,142,124,129,110,132,135,110,106,94,96,98,73,87,74,64,78,61,77
0,0,0, Deceased Donor,0,0,0,0,0,0,0,0,0,0,0,0,0,0,0,0,0,0,0,0,0,0,0,0,0,0,85,80,77,80,66,68,58,64,73,46,46,52,50,53,44,41,43,40,36,33,41,43,29,41,37,40
0,0,0, Living Donor,0,0,0,0,0,0,0,0,0,0,0,0,0,0,0,0,0,0,0,0,0,0,0,0,0,0,49,59,63,59,47,59,64,70,69,78,83,58,82,82,66,65,51,56,62,40,46,31,35,37,24,37
 Vermont,44.558803,-72.577841, All Organs,34,39,40,45,43,54,67,55,59,64,79,57,36,50,36,28,33,46,25,37,39,44,42,28,29,35,0,0,0,0,0,0,0,0,0,0,0,0,0,0,0,0,0,0,0,0,0,0,0,0,0,0
0,0,0, Kidney,16,25,26,26,26,30,43,36,36,46,54,38,25,33,18,17,22,29,18,24,25,34,30,17,21,22,0,0,0,0,0,0,0,0,0,0,0,0,0,0,0,0,0,0,0,0,0,0,0,0,0,0
0,0,0, Liver,7,11,7,9,6,12,11,7,11,8,7,13,6,8,9,4,5,11,3,7,8,5,5,8,3,8,0,0,0,0,0,0,0,0,0,0,0,0,0,0,0,0,0,0,0,0,0,0,0,0,0,0
0,0,0, Pancreas,0,0,1,2,5,3,2,3,1,1,2,2,1,2,3,2,0,0,0,0,0,0,0,0,0,0,0,0,0,0,0,0,0,0,0,0,0,0,0,0,0,0,0,0,0,0,0,0,0,0,0,0
0,0,0, Kidney / Pancreas,0,1,2,0,1,4,4,5,5,3,6,1,0,3,1,1,2,0,0,1,1,0,3,0,0,1,0,0,0,0,0,0,0,0,0,0,0,0,0,0,0,0,0,0,0,0,0,0,0,0,0,0
0,0,0, Heart,9,1,1,7,3,1,3,3,4,5,7,2,1,2,3,3,3,1,2,4,2,5,2,3,4,3,0,0,0,0,0,0,0,0,0,0,0,0,0,0,0,0,0,0,0,0,0,0,0,0,0,0
0,0,0, Lung,2,1,3,1,1,4,4,1,2,1,3,1,2,2,1,1,1,5,2,1,3,0,1,0,1,1,0,0,0,0,0,0,0,0,0,0,0,0,0,0,0,0,0,0,0,0,0,0,0,0,0,0
0,0,0, Heart / Lung,0,0,0,0,0,0,0,0,0,0,0,0,0,0,0,0,0,0,0,0,0,0,1,0,0,0,0,0,0,0,0,0,0,0,0,0,0,0,0,0,0,0,0,0,0,0,0,0,0,0,0,0
0,0,0, Intestine,0,0,0,0,1,0,0,0,0,0,0,0,1,0,1,0,0,0,0,0,0,0,0,0,0,0,0,0,0,0,0,0,0,0,0,0,0,0,0,0,0,0,0,0,0,0,0,0,0,0,0,0
0,0,0, All Donor Types,0,0,0,0,0,0,0,0,0,0,0,0,0,0,0,0,0,0,0,0,0,0,0,0,0,0,25,21,22,27,25,28,29,20,37,28,27,34,22,31,32,31,34,25,22,22,21,31,18,18,21,20
0,0,0, Deceased Donor,0,0,0,0,0,0,0,0,0,0,0,0,0,0,0,0,0,0,0,0,0,0,0,0,0,0,11,9,8,12,11,12,11,10,13,7,10,13,9,15,17,18,14,14,12,13,14,17,8,15,13,12
0,0,0, Living Donor,0,0,0,0,0,0,0,0,0,0,0,0,0,0,0,0,0,0,0,0,0,0,0,0,0,0,14,12,14,15,14,16,18,10,24,21,17,21,13,16,15,13,20,11,10,9,7,14,10,3,8,8
 Virginia,37.431573,-78.656894, All Organs,888,808,768,738,793,746,767,841,775,771,842,763,691,679,604,611,564,564,553,550,567,459,495,469,400,401,0,0,0,0,0,0,0,0,0,0,0,0,0,0,0,0,0,0,0,0,0,0,0,0,0,0
0,0,0, Kidney,527,493,430,445,486,457,486,497,505,483,548,498,457,444,404,395,335,345,350,326,305,243,261,227,222,190,0,0,0,0,0,0,0,0,0,0,0,0,0,0,0,0,0,0,0,0,0,0,0,0,0,0
0,0,0, Liver,182,166,175,150,166,141,137,176,149,166,136,111,125,113,94,95,102,93,93,98,126,105,103,114,75,96,0,0,0,0,0,0,0,0,0,0,0,0,0,0,0,0,0,0,0,0,0,0,0,0,0,0
0,0,0, Pancreas,8,11,5,5,9,7,13,20,10,17,17,22,17,12,11,9,10,11,6,5,6,2,0,1,1,2,0,0,0,0,0,0,0,0,0,0,0,0,0,0,0,0,0,0,0,0,0,0,0,0,0,0
0,0,0, Kidney / Pancreas,21,18,12,15,16,22,17,20,17,20,26,23,15,18,14,16,17,30,26,21,31,23,32,25,16,10,0,0,0,0,0,0,0,0,0,0,0,0,0,0,0,0,0,0,0,0,0,0,0,0,0,0
0,0,0, Heart,94,74,87,69,71,66,64,73,61,50,56,53,41,48,46,51,57,56,57,66,68,59,76,68,60,85,0,0,0,0,0,0,0,0,0,0,0,0,0,0,0,0,0,0,0,0,0,0,0,0,0,0
0,0,0, Lung,52,36,51,52,39,45,47,50,29,31,51,52,35,38,35,45,41,28,21,31,30,26,22,32,23,13,0,0,0,0,0,0,0,0,0,0,0,0,0,0,0,0,0,0,0,0,0,0,0,0,0,0
0,0,0, Heart / Lung,0,0,0,0,0,0,0,0,2,0,0,0,0,0,0,0,1,0,0,2,1,1,1,2,3,4,0,0,0,0,0,0,0,0,0,0,0,0,0,0,0,0,0,0,0,0,0,0,0,0,0,0
0,0,0, Intestine,4,10,8,2,6,8,3,5,2,4,8,4,1,6,0,0,1,1,0,1,0,0,0,0,0,1,0,0,0,0,0,0,0,0,0,0,0,0,0,0,0,0,0,0,0,0,0,0,0,0,0,0
0,0,0, All Donor Types,0,0,0,0,0,0,0,0,0,0,0,0,0,0,0,0,0,0,0,0,0,0,0,0,0,0,368,387,344,383,403,359,384,384,413,354,444,456,386,382,333,344,313,297,262,234,235,180,194,168,162,152
0,0,0, Deceased Donor,0,0,0,0,0,0,0,0,0,0,0,0,0,0,0,0,0,0,0,0,0,0,0,0,0,0,198,204,184,203,221,170,201,181,200,170,193,189,148,147,114,123,119,128,122,127,123,96,138,121,93,108
0,0,0, Living Donor,0,0,0,0,0,0,0,0,0,0,0,0,0,0,0,0,0,0,0,0,0,0,0,0,0,0,170,183,160,180,182,189,183,203,213,184,251,267,238,235,219,221,194,169,140,107,112,84,56,47,69,44
 Washington,47.751074,-120.740139, All Organs,613,537,580,561,524,507,528,458,483,469,460,492,541,488,456,442,466,410,392,316,358,321,328,333,277,273,0,0,0,0,0,0,0,0,0,0,0,0,0,0,0,0,0,0,0,0,0,0,0,0,0,0
0,0,0, Kidney,349,309,366,348,344,311,327,279,290,263,247,268,298,295,270,268,279,234,247,184,209,162,174,171,138,131,0,0,0,0,0,0,0,0,0,0,0,0,0,0,0,0,0,0,0,0,0,0,0,0,0,0
0,0,0, Liver,130,116,114,107,93,104,88,82,100,107,126,132,135,107,91,81,95,77,75,60,82,67,73,71,56,69,0,0,0,0,0,0,0,0,0,0,0,0,0,0,0,0,0,0,0,0,0,0,0,0,0,0
0,0,0, Pancreas,1,0,1,2,2,4,4,2,4,4,4,3,5,2,7,8,5,9,5,9,4,4,4,6,2,4,0,0,0,0,0,0,0,0,0,0,0,0,0,0,0,0,0,0,0,0,0,0,0,0,0,0
0,0,0, Kidney / Pancreas,15,15,10,14,14,18,15,16,14,16,17,18,21,17,20,21,21,23,24,17,19,31,22,28,27,13,0,0,0,0,0,0,0,0,0,0,0,0,0,0,0,0,0,0,0,0,0,0,0,0,0,0
0,0,0, Heart,85,66,60,51,43,31,48,44,47,35,34,40,44,39,39,40,46,44,27,32,32,39,41,33,35,45,0,0,0,0,0,0,0,0,0,0,0,0,0,0,0,0,0,0,0,0,0,0,0,0,0,0
0,0,0, Lung,32,31,28,39,24,37,45,34,28,39,31,30,35,27,27,22,20,21,13,13,12,13,13,22,15,7,0,0,0,0,0,0,0,0,0,0,0,0,0,0,0,0,0,0,0,0,0,0,0,0,0,0
0,0,0, Heart / Lung,0,0,1,0,1,0,0,0,0,3,1,0,0,0,0,1,0,2,1,1,0,4,1,1,4,4,0,0,0,0,0,0,0,0,0,0,0,0,0,0,0,0,0,0,0,0,0,0,0,0,0,0
0,0,0, Intestine,1,0,0,0,3,2,1,1,0,2,0,1,3,1,2,1,0,0,0,0,0,1,0,1,0,0,0,0,0,0,0,0,0,0,0,0,0,0,0,0,0,0,0,0,0,0,0,0,0,0,0,0
0,0,0, All Donor Types,0,0,0,0,0,0,0,0,0,0,0,0,0,0,0,0,0,0,0,0,0,0,0,0,0,0,276,241,232,239,248,229,242,198,227,214,210,235,227,241,231,228,232,205,167,150,148,134,138,125,107,98
0,0,0, Deceased Donor,0,0,0,0,0,0,0,0,0,0,0,0,0,0,0,0,0,0,0,0,0,0,0,0,0,0,175,157,146,128,144,117,114,78,101,113,106,124,124,114,91,103,114,92,73,70,75,62,74,79,56,60
0,0,0, Living Donor,0,0,0,0,0,0,0,0,0,0,0,0,0,0,0,0,0,0,0,0,0,0,0,0,0,0,101,84,86,111,104,112,128,120,126,101,104,111,103,127,140,125,118,113,94,80,73,72,64,46,51,38
 West Virginia,38.597626,-80.454903, All Organs,181,143,144,188,148,158,167,167,182,163,191,166,159,164,165,156,152,159,164,155,159,116,121,112,121,100,0,0,0,0,0,0,0,0,0,0,0,0,0,0,0,0,0,0,0,0,0,0,0,0,0,0
0,0,0, Kidney,81,71,80,97,75,74,82,78,87,91,112,90,85,107,102,85,85,106,98,97,98,62,67,57,69,55,0,0,0,0,0,0,0,0,0,0,0,0,0,0,0,0,0,0,0,0,0,0,0,0,0,0
0,0,0, Liver,66,40,28,48,37,40,48,45,55,38,47,40,46,29,23,26,31,26,31,36,26,29,30,29,26,23,0,0,0,0,0,0,0,0,0,0,0,0,0,0,0,0,0,0,0,0,0,0,0,0,0,0
0,0,0, Pancreas,0,0,1,0,3,1,3,1,5,3,6,7,5,1,2,6,3,0,4,3,4,0,2,3,1,0,0,0,0,0,0,0,0,0,0,0,0,0,0,0,0,0,0,0,0,0,0,0,0,0,0,0
0,0,0, Kidney / Pancreas,2,6,3,6,4,7,5,5,2,4,4,6,2,2,7,3,7,7,7,2,9,6,5,3,11,6,0,0,0,0,0,0,0,0,0,0,0,0,0,0,0,0,0,0,0,0,0,0,0,0,0,0
0,0,0, Heart,15,13,17,13,15,13,13,15,10,9,9,8,10,16,16,17,17,17,18,11,16,12,13,14,9,12,0,0,0,0,0,0,0,0,0,0,0,0,0,0,0,0,0,0,0,0,0,0,0,0,0,0
0,0,0, Lung,17,13,15,24,14,21,15,21,22,17,12,13,9,9,13,17,8,2,6,6,5,6,4,5,3,3,0,0,0,0,0,0,0,0,0,0,0,0,0,0,0,0,0,0,0,0,0,0,0,0,0,0
0,0,0, Heart / Lung,0,0,0,0,0,0,0,0,0,0,0,0,0,0,0,0,1,1,0,0,1,1,0,0,1,0,0,0,0,0,0,0,0,0,0,0,0,0,0,0,0,0,0,0,0,0,0,0,0,0,0,0
0,0,0, Intestine,0,0,0,0,0,2,1,2,1,1,1,2,2,0,2,2,0,0,0,0,0,0,0,1,1,1,0,0,0,0,0,0,0,0,0,0,0,0,0,0,0,0,0,0,0,0,0,0,0,0,0,0
0,0,0, All Donor Types,0,0,0,0,0,0,0,0,0,0,0,0,0,0,0,0,0,0,0,0,0,0,0,0,0,0,89,100,85,76,88,90,99,98,84,99,118,94,76,81,72,62,74,64,64,72,77,51,53,58,55,34
0,0,0, Deceased Donor,0,0,0,0,0,0,0,0,0,0,0,0,0,0,0,0,0,0,0,0,0,0,0,0,0,0,69,71,69,57,74,66,71,73,51,65,67,47,40,44,45,35,40,36,40,47,50,37,38,45,39,16
0,0,0, Living Donor,0,0,0,0,0,0,0,0,0,0,0,0,0,0,0,0,0,0,0,0,0,0,0,0,0,0,20,29,16,19,14,24,28,25,33,34,51,47,36,37,27,27,34,28,24,25,27,14,15,13,16,18
 Wisconsin,43.78444,-88.787868, All Organs,658,600,575,536,542,573,552,566,609,614,644,675,641,615,683,542,513,522,526,536,509,484,448,424,388,382,0,0,0,0,0,0,0,0,0,0,0,0,0,0,0,0,0,0,0,0,0,0,0,0,0,0
0,0,0, Kidney,362,307,288,281,285,323,294,315,353,367,375,378,380,352,381,299,277,261,288,275,270,226,247,227,207,204,0,0,0,0,0,0,0,0,0,0,0,0,0,0,0,0,0,0,0,0,0,0,0,0,0,0
0,0,0, Liver,166,163,159,119,116,111,114,140,157,140,123,141,135,133,151,113,105,103,89,110,92,90,68,75,79,78,0,0,0,0,0,0,0,0,0,0,0,0,0,0,0,0,0,0,0,0,0,0,0,0,0,0
0,0,0, Pancreas,17,13,16,16,12,11,11,9,11,8,20,16,15,21,24,15,22,21,11,5,1,0,0,4,1,1,0,0,0,0,0,0,0,0,0,0,0,0,0,0,0,0,0,0,0,0,0,0,0,0,0,0
0,0,0, Kidney / Pancreas,29,18,27,27,24,28,24,31,38,25,27,39,35,31,41,30,41,39,39,45,42,55,30,36,32,33,0,0,0,0,0,0,0,0,0,0,0,0,0,0,0,0,0,0,0,0,0,0,0,0,0,0
0,0,0, Heart,53,59,53,64,68,77,72,43,23,41,61,62,55,56,64,58,45,70,71,68,74,77,70,64,55,58,0,0,0,0,0,0,0,0,0,0,0,0,0,0,0,0,0,0,0,0,0,0,0,0,0,0
0,0,0, Lung,27,38,31,28,33,23,37,26,26,32,38,39,16,21,18,23,20,24,24,29,29,35,31,17,11,7,0,0,0,0,0,0,0,0,0,0,0,0,0,0,0,0,0,0,0,0,0,0,0,0,0,0
0,0,0, Heart / Lung,0,0,1,0,0,0,0,1,1,0,0,0,2,0,1,2,1,2,0,1,1,1,2,0,3,1,0,0,0,0,0,0,0,0,0,0,0,0,0,0,0,0,0,0,0,0,0,0,0,0,0,0
0,0,0, Intestine,4,2,0,1,4,0,0,1,0,1,0,0,3,1,3,2,2,2,4,3,0,0,0,1,0,0,0,0,0,0,0,0,0,0,0,0,0,0,0,0,0,0,0,0,0,0,0,0,0,0,0,0
0,0,0, All Donor Types,0,0,0,0,0,0,0,0,0,0,0,0,0,0,0,0,0,0,0,0,0,0,0,0,0,0,388,323,306,300,326,346,291,313,351,339,343,366,352,325,368,280,274,232,252,231,260,202,212,202,156,187
0,0,0, Deceased Donor,0,0,0,0,0,0,0,0,0,0,0,0,0,0,0,0,0,0,0,0,0,0,0,0,0,0,228,171,182,176,186,201,173,185,201,213,180,173,175,161,163,134,148,130,139,132,137,129,131,134,85,113
0,0,0, Living Donor,0,0,0,0,0,0,0,0,0,0,0,0,0,0,0,0,0,0,0,0,0,0,0,0,0,0,160,152,124,124,140,145,118,128,150,126,163,193,177,164,205,146,126,102,113,99,123,73,81,68,71,74
 Wyoming,43.075968,-107.290284, All Organs,48,40,32,37,40,37,39,45,46,42,30,42,38,37,38,25,36,33,31,32,28,23,21,30,17,24,0,0,0,0,0,0,0,0,0,0,0,0,0,0,0,0,0,0,0,0,0,0,0,0,0,0
0,0,0, Kidney,22,24,15,24,23,16,21,23,22,20,17,25,22,18,21,16,19,16,18,13,14,8,13,17,10,13,0,0,0,0,0,0,0,0,0,0,0,0,0,0,0,0,0,0,0,0,0,0,0,0,0,0
0,0,0, Liver,19,4,7,7,8,11,7,16,10,14,5,9,7,8,11,5,11,9,3,9,7,2,1,4,5,5,0,0,0,0,0,0,0,0,0,0,0,0,0,0,0,0,0,0,0,0,0,0,0,0,0,0
0,0,0, Pancreas,1,0,0,0,0,2,1,0,0,1,0,1,1,1,3,2,0,0,0,1,0,0,1,1,0,0,0,0,0,0,0,0,0,0,0,0,0,0,0,0,0,0,0,0,0,0,0,0,0,0,0,0
0,0,0, Kidney / Pancreas,0,4,2,2,2,1,3,1,3,1,1,1,1,2,0,0,3,0,3,1,3,5,0,0,0,0,0,0,0,0,0,0,0,0,0,0,0,0,0,0,0,0,0,0,0,0,0,0,0,0,0,0
0,0,0, Heart,4,6,6,1,4,3,5,3,3,2,3,5,3,6,1,1,3,3,5,7,1,4,3,5,2,5,0,0,0,0,0,0,0,0,0,0,0,0,0,0,0,0,0,0,0,0,0,0,0,0,0,0
0,0,0, Lung,2,2,2,3,3,4,2,2,8,4,4,1,4,2,2,1,0,5,2,1,3,4,3,3,0,1,0,0,0,0,0,0,0,0,0,0,0,0,0,0,0,0,0,0,0,0,0,0,0,0,0,0
0,0,0, All Donor Types,0,0,0,0,0,0,0,0,0,0,0,0,0,0,0,0,0,0,0,0,0,0,0,0,0,0,29,34,21,16,20,20,21,22,20,26,30,19,27,24,21,27,17,28,22,23,18,13,22,17,12,10
0,0,0, Deceased Donor,0,0,0,0,0,0,0,0,0,0,0,0,0,0,0,0,0,0,0,0,0,0,0,0,0,0,18,20,12,9,8,16,13,13,11,13,21,12,12,13,8,20,14,16,10,13,15,9,15,10,9,5
0,0,0, Living Donor,0,0,0,0,0,0,0,0,0,0,0,0,0,0,0,0,0,0,0,0,0,0,0,0,0,0,11,14,9,7,12,4,8,9,9,13,9,7,15,11,13,7,3,12,12,10,3,4,7,7,3,5
